Student_ID,Full_Name,Gender,Class,Section,Math_Marks,Science_Marks,English_Marks,Social_Marks,Computer_Marks,Attendance_Percentage,Fee_Paid
1,Meera Sharma,Female,7,B,52,48,46,89,39,61.19,Yes
2,Sneha Verma,Male,10,B,88,63,92,70,35,90.35,Yes
3,Kiran Kumar,Female,7,B,78,48,46,83,47,74.36,No
4,Neha Singh,Male,11,D,50,83,45,72,81,83.09,Yes
5,Arjun Patel,Female,6,B,47,83,70,93,81,66.51,No
6,Sneha Singh,Male,10,B,66,55,94,83,69,99.58,Yes
7,Priya Sharma,Male,12,A,75,86,69,43,62,96.53,No
8,Sneha Iyer,Female,11,D,53,68,52,66,68,89.88,No
9,Neha Das,Female,7,B,100,98,46,41,49,66.11,Yes
10,Kiran Gupta,Male,9,D,94,67,36,49,69,90.74,No
11,Meera Singh,Female,7,D,35,68,99,57,99,96.51,No
12,Vikram Gupta,Male,7,C,55,35,76,97,37,64.47,No
13,Aditya Patel,Male,7,A,45,97,43,51,51,86.39,Yes
14,Aditya Verma,Female,7,B,74,86,82,91,92,64.84,Yes
15,Meera Kumar,Male,10,B,63,35,44,42,64,62.7,Yes
16,Priya Reddy,Male,8,D,62,51,95,66,95,92.3,Yes
17,Meera Reddy,Female,8,D,87,94,41,47,42,76.1,No
18,Meera Patel,Male,7,D,52,89,58,70,94,69.99,Yes
19,Ananya Verma,Male,6,A,46,65,56,87,97,79.25,No
20,Arjun Nair,Female,6,D,68,93,71,89,97,66.19,No
21,Sneha Sharma,Male,11,C,42,41,96,99,55,62.28,Yes
22,Rahul Reddy,Male,11,B,86,50,66,40,45,76.77,No
23,Aditya Patel,Female,7,C,85,51,73,93,75,97.16,Yes
24,Arjun Iyer,Male,6,B,99,68,51,79,43,95.17,No
25,Aditya Nair,Female,12,C,36,73,48,52,68,64.62,Yes
26,Vikram Nair,Female,8,B,78,61,68,99,97,70.04,Yes
27,Meera Das,Female,6,A,77,51,68,55,91,82.07,No
28,Vikram Sharma,Male,6,B,39,82,53,90,51,61.67,No
29,Arjun Kumar,Male,11,B,48,80,87,54,65,94.58,Yes
30,Kiran Sharma,Male,11,C,87,66,69,55,48,75.3,Yes
31,Ananya Patel,Male,12,D,79,74,64,63,38,86.4,No
32,Priya Singh,Male,12,C,79,100,86,77,38,64.61,No
33,Rahul Gupta,Female,6,A,90,79,75,90,100,64.63,Yes
34,Aditya Sharma,Female,6,B,81,90,43,77,75,86.54,Yes
35,Aditya Verma,Female,11,D,76,86,72,51,59,76.82,No
36,Rahul Gupta,Female,9,A,73,71,61,90,76,78.6,No
37,Sneha Verma,Female,12,B,45,71,100,77,46,92.74,Yes
38,Aditya Patel,Male,7,A,40,66,95,44,93,76.58,Yes
39,Kiran Iyer,Female,7,B,35,48,89,63,57,92.16,No
40,Arjun Verma,Male,12,A,93,52,94,75,91,84.51,No
41,Vikram Iyer,Male,11,D,92,68,66,70,97,85.07,No
42,Ananya Reddy,Female,7,C,77,75,45,52,54,69.25,Yes
43,Sneha Reddy,Female,9,C,94,88,42,61,88,75.58,Yes
44,Neha Das,Female,6,C,73,84,88,63,97,68.78,No
45,Ananya Sharma,Female,8,D,56,94,51,38,85,83.68,Yes
46,Meera Das,Male,12,D,58,41,68,83,76,68.47,No
47,Priya Das,Female,12,D,67,45,95,37,41,100.0,No
48,Sneha Reddy,Male,12,A,66,60,37,54,65,65.05,Yes
49,Neha Patel,Female,11,C,82,56,49,55,74,64.32,Yes
50,Aditya Gupta,Female,9,B,44,66,48,73,50,91.85,Yes
51,Priya Verma,Female,11,C,43,99,78,36,88,92.89,Yes
52,Kiran Kumar,Female,11,B,90,57,69,96,94,77.42,No
53,Priya Patel,Male,8,D,66,94,83,78,38,79.77,No
54,Rahul Iyer,Male,8,C,78,70,70,36,59,63.42,No
55,Ananya Verma,Male,11,D,97,92,37,46,72,68.86,Yes
56,Aditya Gupta,Female,9,C,89,77,80,93,69,72.26,Yes
57,Meera Patel,Female,6,B,59,62,96,70,71,99.22,Yes
58,Aditya Patel,Female,7,C,36,51,70,40,41,82.13,Yes
59,Ananya Reddy,Male,10,C,95,96,91,78,58,98.62,No
60,Ananya Reddy,Male,9,D,44,41,54,54,73,63.41,Yes
61,Meera Verma,Female,10,B,83,92,91,73,89,72.22,Yes
62,Neha Reddy,Male,11,B,68,45,55,65,57,82.08,Yes
63,Arjun Das,Female,11,D,72,39,64,71,71,88.12,No
64,Meera Patel,Female,12,B,89,49,63,54,69,93.07,Yes
65,Arjun Nair,Female,10,C,91,50,94,73,86,97.71,No
66,Ananya Reddy,Male,9,C,67,38,46,64,37,99.98,No
67,Neha Sharma,Male,9,D,70,58,90,97,46,78.8,No
68,Priya Kumar,Male,12,B,77,87,98,71,86,92.54,Yes
69,Ananya Reddy,Female,8,C,49,86,100,35,94,76.53,Yes
70,Vikram Kumar,Female,11,D,41,61,69,51,71,77.52,No
71,Meera Sharma,Male,11,B,74,36,87,46,63,99.69,Yes
72,Ananya Reddy,Male,9,C,100,69,88,96,95,69.75,Yes
73,Kiran Patel,Male,12,A,70,88,78,99,69,92.82,No
74,Aditya Gupta,Female,12,B,92,96,79,77,83,78.21,No
75,Sneha Patel,Female,7,D,40,75,95,83,84,99.54,Yes
76,Ananya Sharma,Male,10,C,47,91,47,93,36,88.9,No
77,Rahul Reddy,Female,12,C,78,85,45,77,83,98.17,No
78,Vikram Sharma,Male,7,C,64,46,90,47,47,77.75,No
79,Arjun Sharma,Female,12,A,72,80,82,90,53,69.77,No
80,Neha Nair,Male,7,A,83,65,98,53,64,78.45,No
81,Ananya Singh,Male,12,D,71,55,44,91,79,99.51,No
82,Kiran Singh,Female,12,C,60,84,96,48,65,75.25,No
83,Neha Singh,Female,6,D,70,36,41,98,71,91.03,Yes
84,Neha Kumar,Male,11,B,67,52,47,40,74,91.54,Yes
85,Neha Kumar,Male,6,C,76,88,57,60,51,91.46,No
86,Vikram Verma,Female,12,B,67,96,72,78,49,78.73,Yes
87,Rahul Patel,Female,12,C,46,85,36,68,50,78.19,No
88,Neha Das,Female,6,B,95,38,76,63,43,85.42,No
89,Aditya Das,Male,7,A,39,73,98,49,47,69.39,Yes
90,Kiran Iyer,Female,11,D,54,88,47,97,87,97.56,No
91,Arjun Kumar,Male,9,D,65,81,47,82,80,62.42,No
92,Sneha Reddy,Female,6,B,37,41,77,66,51,91.48,Yes
93,Meera Verma,Male,10,B,64,77,53,35,70,94.34,Yes
94,Rahul Verma,Female,12,B,49,38,51,36,80,91.6,Yes
95,Neha Kumar,Male,7,C,41,51,88,49,43,79.05,No
96,Vikram Gupta,Male,9,B,40,73,93,38,42,99.94,No
97,Kiran Reddy,Female,11,D,44,45,76,53,43,65.05,No
98,Kiran Gupta,Female,9,D,47,49,62,90,92,95.52,No
99,Priya Iyer,Female,9,A,75,89,75,67,82,98.14,No
100,Meera Reddy,Male,6,D,47,82,51,42,77,86.8,No
101,Priya Das,Male,8,C,80,48,99,62,54,86.27,Yes
102,Meera Kumar,Female,6,C,63,89,38,69,38,67.22,No
103,Priya Kumar,Male,7,B,86,43,53,38,46,89.84,Yes
104,Kiran Das,Female,8,B,82,74,76,45,41,66.22,Yes
105,Meera Singh,Female,11,D,97,91,88,69,62,90.2,Yes
106,Priya Das,Male,8,D,74,40,63,85,42,60.31,No
107,Sneha Nair,Female,8,C,50,35,98,90,57,65.17,Yes
108,Vikram Verma,Female,6,D,40,90,37,93,44,94.48,No
109,Neha Das,Female,8,A,86,37,76,56,93,93.28,No
110,Meera Das,Male,7,D,86,45,85,74,78,68.86,Yes
111,Meera Verma,Male,10,B,79,79,53,65,48,65.86,Yes
112,Rahul Gupta,Male,12,A,57,98,94,92,76,94.57,No
113,Rahul Iyer,Male,9,D,73,70,42,80,99,62.97,No
114,Ananya Sharma,Male,8,C,44,46,99,84,94,83.21,Yes
115,Ananya Gupta,Male,8,D,99,54,42,92,48,92.44,No
116,Meera Verma,Male,6,B,91,91,55,81,82,96.72,No
117,Kiran Kumar,Male,12,C,43,77,47,84,71,70.08,Yes
118,Priya Reddy,Male,8,C,85,51,45,74,83,85.74,No
119,Rahul Verma,Male,11,D,100,81,37,81,74,67.21,Yes
120,Priya Iyer,Male,7,B,54,44,72,47,99,90.83,Yes
121,Priya Gupta,Male,10,D,54,55,58,56,91,61.75,No
122,Sneha Iyer,Female,12,D,64,65,74,95,59,74.71,No
123,Ananya Singh,Female,10,D,55,60,52,67,41,85.65,No
124,Vikram Reddy,Male,8,A,55,69,92,100,53,93.24,Yes
125,Sneha Iyer,Female,6,D,41,85,99,82,65,75.45,Yes
126,Priya Patel,Male,8,A,77,53,52,39,71,96.7,No
127,Rahul Iyer,Female,10,A,45,37,67,62,54,81.95,No
128,Meera Singh,Male,8,A,41,65,88,93,43,64.43,No
129,Neha Verma,Male,11,B,53,72,89,35,80,69.62,No
130,Rahul Reddy,Female,6,A,84,95,40,84,82,70.15,Yes
131,Priya Reddy,Female,7,A,77,52,40,80,78,92.54,Yes
132,Ananya Iyer,Male,12,B,43,93,39,72,60,61.75,Yes
133,Arjun Kumar,Female,10,D,95,67,39,59,71,74.28,Yes
134,Priya Singh,Male,12,C,90,86,91,84,78,98.95,No
135,Ananya Kumar,Female,12,A,89,45,90,58,72,72.85,Yes
136,Priya Singh,Female,9,D,56,91,79,92,40,89.07,No
137,Neha Das,Female,11,A,44,86,81,100,55,98.11,Yes
138,Neha Iyer,Male,7,A,65,81,81,84,39,84.2,No
139,Priya Kumar,Female,12,A,52,81,85,75,70,69.98,Yes
140,Arjun Nair,Female,10,D,50,68,68,92,62,99.85,No
141,Ananya Patel,Male,7,A,92,57,91,46,75,86.71,Yes
142,Vikram Verma,Female,8,B,57,81,100,63,50,99.41,Yes
143,Sneha Iyer,Male,8,C,94,51,46,43,74,75.93,No
144,Vikram Das,Female,12,A,51,75,44,92,94,87.2,No
145,Rahul Verma,Male,12,B,90,99,42,50,54,72.16,Yes
146,Priya Patel,Female,10,C,45,67,60,70,51,85.0,Yes
147,Vikram Nair,Male,7,C,40,38,45,40,68,86.05,No
148,Neha Sharma,Female,11,C,73,96,66,86,73,78.14,Yes
149,Rahul Iyer,Female,9,D,61,78,53,75,75,89.37,No
150,Kiran Nair,Female,10,A,75,65,94,50,69,77.98,Yes
151,Meera Sharma,Female,9,D,66,55,76,75,59,90.52,No
152,Vikram Iyer,Female,8,D,37,46,85,99,93,98.67,Yes
153,Neha Kumar,Male,6,C,98,95,71,36,48,77.24,No
154,Priya Das,Female,6,D,41,59,81,71,44,75.45,No
155,Vikram Singh,Male,7,A,85,82,78,81,53,67.96,No
156,Vikram Sharma,Male,6,B,77,95,93,54,100,65.59,No
157,Rahul Das,Female,10,C,99,100,97,73,95,92.63,No
158,Priya Reddy,Female,10,C,38,95,68,64,41,83.34,Yes
159,Vikram Gupta,Female,7,B,39,49,59,37,91,72.55,Yes
160,Kiran Patel,Female,10,D,42,52,61,76,96,81.02,No
161,Rahul Iyer,Female,10,C,68,96,59,66,70,82.32,Yes
162,Aditya Singh,Male,11,D,75,96,79,70,71,64.87,No
163,Kiran Kumar,Male,8,A,71,45,79,91,67,89.89,Yes
164,Sneha Verma,Female,10,C,52,48,65,66,41,86.79,Yes
165,Sneha Sharma,Male,9,C,95,47,52,35,55,76.28,No
166,Ananya Patel,Female,8,C,42,46,64,39,57,76.72,Yes
167,Arjun Das,Female,7,C,39,36,73,48,77,71.38,No
168,Rahul Verma,Female,8,B,49,77,55,93,67,88.74,Yes
169,Priya Singh,Male,7,D,89,100,76,46,86,86.77,Yes
170,Rahul Iyer,Female,7,A,68,84,65,92,69,98.16,No
171,Neha Gupta,Male,8,C,65,42,50,94,74,66.39,No
172,Meera Singh,Female,10,B,63,52,96,54,93,89.91,No
173,Kiran Verma,Female,12,B,66,45,92,81,44,96.69,Yes
174,Arjun Verma,Male,10,B,56,76,91,49,61,88.68,No
175,Meera Verma,Female,12,A,93,51,100,88,93,82.56,No
176,Aditya Sharma,Female,8,A,62,44,40,89,79,88.02,Yes
177,Meera Iyer,Male,8,D,58,52,88,82,83,77.94,No
178,Kiran Reddy,Male,11,C,50,57,85,51,63,93.39,Yes
179,Aditya Iyer,Female,10,D,64,66,93,79,54,71.03,Yes
180,Arjun Das,Male,7,B,43,47,39,92,41,69.79,Yes
181,Kiran Iyer,Male,10,B,42,52,99,72,64,92.63,No
182,Neha Gupta,Female,7,C,53,63,87,73,70,62.44,Yes
183,Kiran Verma,Female,6,C,83,75,88,87,54,72.0,Yes
184,Vikram Iyer,Male,12,B,73,53,94,42,87,98.71,Yes
185,Kiran Patel,Female,7,C,45,92,82,46,59,62.06,No
186,Neha Gupta,Male,12,A,59,62,96,61,77,72.13,Yes
187,Sneha Patel,Male,11,D,66,61,85,65,76,91.02,No
188,Ananya Verma,Female,8,C,81,100,98,94,47,92.11,No
189,Priya Patel,Female,8,D,40,63,53,37,68,82.13,No
190,Aditya Nair,Male,8,B,83,66,98,78,67,90.53,No
191,Ananya Iyer,Male,11,C,56,52,97,58,42,80.96,Yes
192,Arjun Sharma,Female,7,B,43,54,36,62,99,78.24,Yes
193,Neha Gupta,Female,11,D,37,35,87,36,37,81.18,No
194,Vikram Singh,Male,10,D,57,48,47,54,65,67.68,No
195,Priya Singh,Female,6,C,86,93,66,63,73,87.36,Yes
196,Arjun Reddy,Female,9,D,95,42,36,56,45,79.99,No
197,Priya Gupta,Male,10,A,64,62,95,69,40,96.97,No
198,Vikram Gupta,Male,7,C,37,61,53,85,44,71.97,Yes
199,Neha Das,Female,9,B,45,99,79,41,47,77.48,Yes
200,Priya Gupta,Female,12,C,38,69,92,97,64,74.23,No
201,Kiran Nair,Female,6,C,66,44,45,69,54,75.2,Yes
202,Kiran Kumar,Female,6,A,35,74,91,81,69,64.09,Yes
203,Rahul Das,Female,10,D,48,38,46,80,46,83.88,No
204,Kiran Sharma,Female,9,D,45,66,56,83,56,65.55,No
205,Aditya Iyer,Male,6,B,90,70,88,73,96,91.31,No
206,Aditya Patel,Female,10,B,93,48,52,73,35,97.95,No
207,Neha Das,Female,9,C,90,52,73,76,60,79.16,Yes
208,Kiran Kumar,Female,11,D,66,76,83,70,85,74.6,Yes
209,Neha Verma,Male,11,A,94,61,91,72,43,92.76,No
210,Ananya Nair,Female,7,C,54,89,83,44,92,99.63,No
211,Neha Das,Female,10,A,81,45,48,66,80,66.65,Yes
212,Neha Das,Female,12,D,48,36,47,68,63,80.43,Yes
213,Ananya Kumar,Female,9,B,79,38,96,48,72,76.64,Yes
214,Meera Nair,Female,8,C,93,61,96,79,95,63.9,No
215,Priya Reddy,Female,6,A,37,78,48,56,66,80.64,Yes
216,Priya Verma,Female,9,B,86,58,58,90,85,61.17,Yes
217,Ananya Gupta,Female,9,A,62,61,70,43,48,91.98,Yes
218,Priya Kumar,Male,9,A,68,97,75,84,85,83.48,No
219,Priya Iyer,Male,12,C,45,52,75,50,65,72.22,Yes
220,Priya Nair,Female,9,B,84,89,58,97,57,82.2,No
221,Aditya Nair,Male,8,D,41,80,36,97,52,67.81,No
222,Vikram Verma,Female,9,D,88,91,97,56,45,82.62,Yes
223,Aditya Sharma,Female,7,C,56,93,98,100,49,82.91,No
224,Vikram Kumar,Male,12,D,62,89,48,66,73,94.99,Yes
225,Ananya Singh,Female,12,A,91,50,65,61,79,94.44,No
226,Rahul Gupta,Male,12,B,61,42,79,70,56,72.95,No
227,Aditya Gupta,Female,12,A,52,87,42,70,51,88.06,Yes
228,Sneha Nair,Female,12,B,85,97,53,69,88,75.01,Yes
229,Meera Das,Female,11,C,93,97,76,35,46,89.24,No
230,Priya Reddy,Female,7,D,62,98,69,76,71,73.51,Yes
231,Neha Iyer,Female,11,A,40,47,93,37,50,97.18,Yes
232,Ananya Iyer,Male,9,B,51,73,55,70,46,86.18,No
233,Meera Kumar,Male,6,D,74,64,89,46,47,60.04,No
234,Meera Nair,Male,10,D,36,36,78,50,89,87.76,No
235,Meera Patel,Female,6,A,48,75,82,73,52,75.31,Yes
236,Rahul Reddy,Male,10,B,91,79,62,54,87,84.64,No
237,Sneha Reddy,Male,7,A,84,79,89,75,52,69.91,Yes
238,Sneha Verma,Female,12,A,73,61,100,59,85,71.82,Yes
239,Sneha Iyer,Female,6,B,98,44,36,81,75,65.28,No
240,Priya Verma,Male,12,D,44,37,43,36,68,68.63,Yes
241,Kiran Verma,Female,11,D,89,86,45,54,70,63.34,Yes
242,Vikram Patel,Male,10,C,85,43,74,90,65,62.32,Yes
243,Kiran Reddy,Female,10,A,74,57,50,36,52,88.06,Yes
244,Ananya Kumar,Female,7,C,51,69,50,38,77,92.28,No
245,Vikram Reddy,Female,11,A,98,93,100,81,42,79.98,Yes
246,Priya Nair,Female,12,A,49,64,100,35,40,94.35,Yes
247,Sneha Sharma,Female,8,D,54,57,39,88,63,72.87,No
248,Priya Singh,Male,10,C,50,99,41,57,63,92.17,Yes
249,Kiran Reddy,Female,12,C,74,76,46,93,36,74.76,No
250,Neha Singh,Male,9,C,98,60,66,54,35,97.3,Yes
251,Sneha Verma,Female,11,A,77,35,83,74,48,68.21,Yes
252,Kiran Iyer,Male,7,C,46,40,64,87,82,78.34,Yes
253,Neha Reddy,Male,11,D,44,42,90,51,65,71.67,No
254,Kiran Kumar,Female,9,C,64,44,60,52,48,66.22,Yes
255,Ananya Iyer,Female,9,A,80,61,92,74,94,70.6,Yes
256,Meera Nair,Female,12,A,62,76,53,46,66,98.74,No
257,Vikram Sharma,Female,8,B,38,86,92,66,47,78.48,Yes
258,Meera Sharma,Male,12,B,51,60,86,82,45,83.29,No
259,Meera Sharma,Male,7,D,51,46,77,50,40,97.69,Yes
260,Rahul Gupta,Female,12,D,98,38,83,89,57,74.16,Yes
261,Aditya Singh,Female,7,A,66,72,98,87,96,62.44,No
262,Kiran Nair,Female,7,B,37,83,80,96,97,73.76,No
263,Kiran Singh,Male,6,C,63,38,70,42,95,81.18,Yes
264,Rahul Reddy,Male,11,B,69,42,63,84,80,97.41,Yes
265,Rahul Patel,Female,12,C,38,80,53,59,98,81.68,Yes
266,Ananya Sharma,Male,6,B,63,37,96,35,77,96.72,Yes
267,Rahul Kumar,Male,12,C,42,37,53,53,49,93.86,No
268,Meera Kumar,Female,10,A,78,73,76,52,55,89.29,No
269,Ananya Kumar,Male,11,C,63,57,83,74,72,65.09,Yes
270,Neha Das,Male,7,C,63,48,98,53,77,89.81,Yes
271,Priya Kumar,Male,11,A,77,92,36,68,61,69.98,Yes
272,Priya Singh,Male,11,A,41,84,91,88,56,95.38,No
273,Kiran Kumar,Female,6,D,63,55,92,44,39,71.8,No
274,Aditya Reddy,Male,8,B,83,55,44,46,78,83.76,No
275,Arjun Das,Male,10,D,55,41,47,77,61,98.98,No
276,Vikram Verma,Female,11,C,73,65,47,41,85,82.87,No
277,Rahul Sharma,Female,6,D,46,72,96,60,47,61.03,Yes
278,Aditya Reddy,Female,12,A,74,85,95,97,68,63.65,No
279,Rahul Kumar,Female,8,B,92,40,68,91,94,70.54,No
280,Neha Sharma,Male,12,A,45,79,87,64,42,93.63,No
281,Vikram Iyer,Male,9,C,45,85,39,99,53,64.81,No
282,Rahul Nair,Male,12,B,51,40,89,45,90,68.08,Yes
283,Neha Singh,Female,11,A,46,84,85,76,70,80.79,Yes
284,Neha Gupta,Female,6,D,54,53,47,48,47,91.43,No
285,Kiran Singh,Female,11,D,95,39,57,70,86,65.75,No
286,Arjun Das,Female,11,B,41,95,69,82,37,73.51,No
287,Aditya Singh,Female,12,A,64,52,73,91,76,70.78,No
288,Neha Reddy,Male,9,B,87,97,82,42,100,91.66,Yes
289,Aditya Verma,Female,7,A,57,59,60,42,66,61.32,Yes
290,Priya Patel,Female,8,D,99,85,50,38,65,74.9,No
291,Rahul Iyer,Female,8,B,68,46,71,38,84,61.99,Yes
292,Sneha Patel,Male,8,D,100,37,36,95,51,85.89,Yes
293,Sneha Singh,Female,11,C,89,83,79,93,67,68.73,No
294,Vikram Gupta,Female,10,A,35,100,82,71,73,87.38,No
295,Meera Kumar,Female,11,C,70,68,73,59,54,80.69,Yes
296,Arjun Gupta,Female,11,C,52,38,98,72,68,96.28,No
297,Kiran Sharma,Male,8,B,95,80,99,73,56,93.63,Yes
298,Aditya Reddy,Female,7,C,58,77,46,63,80,68.93,No
299,Kiran Kumar,Female,8,C,94,50,95,41,44,78.89,Yes
300,Vikram Reddy,Female,10,C,87,41,54,52,60,73.71,No
301,Rahul Kumar,Male,12,A,97,77,57,75,42,60.19,No
302,Sneha Nair,Male,9,A,51,90,89,86,89,98.61,No
303,Arjun Sharma,Male,11,C,36,76,59,37,35,85.07,Yes
304,Sneha Kumar,Female,7,A,84,99,74,56,43,92.95,No
305,Aditya Iyer,Female,9,B,78,97,80,59,56,97.92,No
306,Arjun Patel,Male,11,B,62,37,99,56,50,74.66,Yes
307,Kiran Singh,Male,10,A,48,37,41,49,88,77.77,Yes
308,Vikram Singh,Female,11,B,61,36,73,88,47,86.5,No
309,Neha Gupta,Male,9,A,100,50,71,49,48,79.91,Yes
310,Aditya Verma,Male,8,D,72,55,40,98,61,87.53,No
311,Priya Patel,Male,6,A,49,98,54,46,100,63.0,Yes
312,Aditya Patel,Female,8,C,94,41,47,57,40,94.09,No
313,Priya Das,Male,6,A,36,52,56,77,80,95.78,No
314,Meera Kumar,Female,7,A,86,86,93,69,84,87.6,No
315,Kiran Nair,Male,7,A,55,48,88,96,91,67.25,No
316,Priya Gupta,Male,12,B,96,97,49,87,91,61.84,No
317,Priya Sharma,Male,11,C,47,90,66,96,79,86.55,No
318,Rahul Verma,Male,6,B,99,95,98,56,44,90.06,No
319,Sneha Kumar,Female,6,B,83,86,65,45,93,77.77,No
320,Meera Iyer,Female,8,A,98,37,48,86,87,61.43,Yes
321,Meera Gupta,Female,10,B,93,78,81,41,63,93.77,No
322,Vikram Gupta,Female,11,C,92,49,47,63,35,73.65,No
323,Vikram Verma,Female,11,A,40,56,98,52,87,64.28,Yes
324,Sneha Reddy,Female,7,D,59,78,48,88,40,97.07,Yes
325,Ananya Iyer,Male,9,A,41,90,96,100,57,87.67,Yes
326,Rahul Reddy,Female,11,C,99,84,88,66,70,75.91,No
327,Aditya Iyer,Male,7,D,100,73,75,62,60,68.39,No
328,Priya Nair,Male,10,C,49,80,96,88,71,95.1,No
329,Arjun Verma,Male,6,D,53,41,42,60,69,90.01,Yes
330,Aditya Singh,Male,12,A,72,61,39,80,92,64.1,Yes
331,Vikram Das,Male,10,C,41,83,84,88,75,98.63,Yes
332,Arjun Singh,Male,10,D,63,82,60,59,72,77.95,Yes
333,Rahul Nair,Male,9,A,89,70,68,51,55,83.36,No
334,Arjun Kumar,Female,11,B,40,54,76,41,73,79.62,No
335,Meera Kumar,Male,7,A,99,55,88,86,46,73.98,Yes
336,Priya Kumar,Female,8,B,95,36,49,79,92,69.61,Yes
337,Arjun Kumar,Female,12,A,84,67,71,38,82,80.57,No
338,Ananya Sharma,Female,11,B,76,100,45,47,56,98.87,Yes
339,Meera Patel,Male,12,D,48,61,90,44,54,60.95,No
340,Arjun Reddy,Male,6,B,67,44,64,68,87,75.52,No
341,Kiran Kumar,Male,9,A,35,43,40,44,80,97.12,Yes
342,Aditya Singh,Male,8,D,83,85,38,95,55,81.34,Yes
343,Kiran Verma,Female,11,B,73,82,36,53,50,61.67,No
344,Vikram Verma,Male,8,B,79,62,87,100,53,66.44,Yes
345,Neha Singh,Male,6,B,41,94,44,72,43,70.03,Yes
346,Neha Iyer,Female,8,B,65,47,71,43,59,72.71,No
347,Priya Gupta,Female,11,B,81,75,89,56,35,72.53,Yes
348,Kiran Singh,Female,7,C,96,94,92,80,74,79.48,Yes
349,Rahul Gupta,Male,12,C,52,60,68,44,44,95.68,Yes
350,Neha Gupta,Female,12,B,39,68,95,54,81,75.7,No
351,Rahul Iyer,Male,9,C,99,36,65,56,100,65.61,Yes
352,Rahul Gupta,Male,11,D,80,40,63,97,64,62.51,No
353,Sneha Sharma,Male,10,C,84,95,93,40,40,99.22,No
354,Meera Verma,Female,12,C,57,83,83,81,44,80.67,No
355,Sneha Verma,Female,8,C,97,96,35,99,52,77.6,Yes
356,Meera Verma,Female,7,B,58,55,81,50,64,76.58,No
357,Meera Iyer,Female,9,B,55,87,37,66,40,65.12,Yes
358,Rahul Verma,Male,10,B,42,56,68,58,86,83.97,Yes
359,Aditya Reddy,Male,9,D,96,56,63,87,53,91.78,Yes
360,Neha Verma,Female,7,C,93,43,64,83,84,65.29,Yes
361,Sneha Verma,Female,12,B,47,57,95,39,99,90.1,Yes
362,Ananya Nair,Male,12,D,88,82,40,89,64,97.54,No
363,Kiran Kumar,Male,9,B,67,96,64,45,71,83.93,No
364,Aditya Patel,Male,11,A,50,35,83,61,75,76.35,Yes
365,Rahul Das,Female,8,D,81,70,85,61,87,82.08,No
366,Rahul Kumar,Female,8,C,79,85,52,50,64,77.86,Yes
367,Meera Patel,Female,12,C,41,55,84,35,46,92.93,No
368,Neha Das,Male,6,C,63,82,45,39,84,97.23,No
369,Neha Verma,Female,11,A,57,98,91,36,60,94.02,No
370,Sneha Sharma,Male,10,B,39,81,65,35,55,63.47,No
371,Kiran Kumar,Female,9,B,36,43,46,71,79,73.9,No
372,Sneha Gupta,Male,9,D,35,68,57,87,99,64.26,Yes
373,Vikram Singh,Female,6,C,67,91,83,96,66,90.3,No
374,Ananya Gupta,Male,9,A,68,43,83,63,64,92.01,No
375,Priya Verma,Male,11,C,66,71,46,86,78,63.04,Yes
376,Ananya Kumar,Female,7,C,58,59,98,60,65,89.42,No
377,Sneha Patel,Male,12,B,80,54,48,50,45,87.03,No
378,Neha Sharma,Male,12,D,82,75,98,70,97,67.31,No
379,Kiran Patel,Male,6,D,96,39,99,79,85,94.42,Yes
380,Ananya Reddy,Female,8,A,36,61,83,47,76,74.46,No
381,Rahul Verma,Female,7,C,95,78,81,58,98,76.96,No
382,Priya Kumar,Female,8,D,58,51,64,47,69,92.16,No
383,Kiran Patel,Male,12,B,95,36,57,88,98,65.38,No
384,Ananya Singh,Female,10,A,85,47,55,42,62,92.55,No
385,Meera Iyer,Female,8,C,81,67,79,37,87,64.85,Yes
386,Neha Gupta,Male,12,C,80,76,100,97,92,95.59,No
387,Neha Singh,Female,11,B,56,78,88,86,44,63.16,No
388,Sneha Kumar,Female,11,C,69,85,69,91,81,89.92,No
389,Kiran Nair,Male,12,A,51,65,67,45,61,66.68,Yes
390,Meera Reddy,Female,10,A,38,85,45,48,68,84.72,Yes
391,Kiran Singh,Male,7,C,91,51,51,56,38,61.41,No
392,Priya Iyer,Female,12,C,91,52,57,93,90,80.94,No
393,Priya Iyer,Male,12,A,91,74,81,87,68,66.23,Yes
394,Arjun Verma,Male,8,C,95,36,97,96,73,60.37,No
395,Aditya Gupta,Male,12,A,82,59,87,90,85,70.0,No
396,Kiran Patel,Female,6,D,65,69,71,69,87,67.52,Yes
397,Rahul Nair,Female,6,D,92,69,97,59,76,60.78,Yes
398,Vikram Sharma,Male,6,C,69,51,91,36,64,63.61,Yes
399,Ananya Patel,Female,9,C,98,82,94,39,77,63.21,Yes
400,Arjun Singh,Female,6,D,58,59,67,83,36,64.88,Yes
401,Kiran Iyer,Male,11,A,60,93,47,61,95,75.56,No
402,Priya Nair,Male,11,A,67,96,73,60,81,95.5,Yes
403,Meera Patel,Female,8,A,56,70,50,85,66,60.36,Yes
404,Neha Iyer,Male,8,A,66,55,98,46,78,97.23,Yes
405,Arjun Kumar,Male,11,A,51,97,64,75,79,92.22,No
406,Sneha Sharma,Female,8,B,67,40,97,91,72,81.71,No
407,Sneha Gupta,Male,10,C,76,94,70,55,43,81.25,No
408,Aditya Singh,Female,9,A,99,83,58,37,81,91.04,Yes
409,Priya Reddy,Female,7,D,54,71,76,87,76,64.42,Yes
410,Arjun Nair,Male,12,A,60,48,97,59,47,61.27,No
411,Ananya Verma,Female,6,C,63,44,36,61,97,97.14,Yes
412,Ananya Sharma,Female,10,D,82,42,69,40,44,93.38,Yes
413,Sneha Verma,Male,6,B,84,59,59,66,57,82.34,No
414,Meera Gupta,Female,11,D,89,48,56,58,86,80.19,Yes
415,Vikram Gupta,Female,8,C,76,82,87,90,76,84.34,Yes
416,Kiran Verma,Female,8,D,92,85,35,39,71,83.83,Yes
417,Aditya Sharma,Female,7,B,75,37,70,100,54,63.77,No
418,Priya Nair,Male,8,C,66,64,67,73,46,82.82,Yes
419,Meera Kumar,Female,7,D,47,73,39,83,45,91.2,No
420,Priya Das,Female,12,A,64,36,83,41,74,80.98,No
421,Vikram Gupta,Male,8,B,54,41,85,92,99,63.6,No
422,Aditya Das,Male,7,C,45,95,41,86,68,63.4,No
423,Rahul Nair,Female,10,B,97,85,60,66,66,62.87,No
424,Priya Gupta,Male,6,D,89,81,79,59,76,73.78,Yes
425,Aditya Nair,Female,10,D,53,91,40,64,60,87.41,Yes
426,Meera Reddy,Male,7,B,71,36,78,49,74,78.0,Yes
427,Priya Patel,Male,7,C,96,53,37,83,40,70.22,Yes
428,Aditya Patel,Female,6,D,36,43,84,69,81,94.57,Yes
429,Aditya Das,Male,9,A,75,97,46,58,60,80.03,No
430,Vikram Sharma,Male,7,C,77,97,85,55,37,73.87,No
431,Priya Singh,Male,10,C,42,67,84,38,70,69.02,No
432,Kiran Nair,Male,11,D,64,88,65,54,89,98.82,No
433,Ananya Verma,Male,7,B,60,52,74,52,90,99.83,Yes
434,Neha Nair,Female,6,A,58,75,53,38,75,95.21,No
435,Kiran Singh,Female,11,C,54,59,48,51,58,61.05,No
436,Neha Gupta,Male,10,B,64,38,80,45,96,65.36,No
437,Priya Nair,Female,9,D,52,55,59,63,39,76.34,Yes
438,Aditya Das,Male,11,B,61,43,57,91,97,87.51,No
439,Sneha Das,Female,12,A,83,75,85,39,48,78.06,Yes
440,Sneha Verma,Female,11,A,84,41,59,72,91,75.92,No
441,Aditya Iyer,Male,9,C,41,53,94,92,46,88.91,Yes
442,Rahul Gupta,Male,9,D,76,92,38,57,93,83.61,Yes
443,Ananya Reddy,Female,8,B,50,46,49,92,81,63.41,No
444,Vikram Gupta,Male,9,D,40,56,77,54,55,94.75,Yes
445,Arjun Das,Female,8,D,71,58,50,51,60,60.14,No
446,Arjun Iyer,Female,12,D,35,98,65,62,95,78.15,No
447,Meera Gupta,Male,7,C,61,41,58,53,42,86.13,Yes
448,Rahul Sharma,Female,8,A,41,48,88,57,55,86.88,Yes
449,Ananya Gupta,Female,6,A,73,76,82,83,43,90.34,Yes
450,Aditya Iyer,Male,6,C,77,87,61,61,42,64.37,Yes
451,Ananya Gupta,Female,9,C,68,80,51,98,98,79.7,Yes
452,Neha Patel,Female,7,A,50,38,94,50,61,91.98,No
453,Kiran Sharma,Female,8,B,36,60,71,67,43,72.31,No
454,Arjun Reddy,Female,8,D,38,57,59,77,78,96.89,No
455,Ananya Sharma,Male,9,B,93,77,94,87,42,93.4,No
456,Neha Kumar,Male,7,C,80,43,54,70,38,73.57,No
457,Vikram Nair,Female,7,A,74,75,39,69,87,63.47,Yes
458,Priya Iyer,Female,7,C,57,49,82,39,60,96.53,No
459,Vikram Sharma,Female,10,B,59,78,96,74,76,65.73,Yes
460,Vikram Nair,Male,11,A,93,84,49,35,74,97.29,Yes
461,Priya Iyer,Male,6,C,37,74,61,76,60,67.7,No
462,Vikram Kumar,Female,11,A,69,54,55,70,49,60.61,Yes
463,Sneha Verma,Female,10,C,69,53,71,66,56,62.85,No
464,Vikram Iyer,Male,7,A,95,41,48,84,41,63.44,No
465,Rahul Gupta,Female,10,C,74,77,60,45,94,82.71,Yes
466,Ananya Reddy,Female,8,D,95,64,63,53,68,96.51,No
467,Rahul Kumar,Female,9,D,38,43,95,49,79,79.15,Yes
468,Aditya Kumar,Male,10,A,86,48,76,44,73,81.31,No
469,Neha Das,Male,10,B,55,96,84,43,78,68.33,No
470,Kiran Gupta,Female,10,B,57,44,97,49,94,73.02,Yes
471,Ananya Nair,Female,9,A,48,83,76,98,42,63.62,Yes
472,Neha Sharma,Male,11,B,92,72,84,92,60,68.23,No
473,Aditya Gupta,Female,9,C,46,36,100,86,51,94.1,Yes
474,Priya Verma,Male,6,C,49,71,38,65,90,88.09,No
475,Priya Das,Female,9,D,62,57,95,52,59,82.22,No
476,Kiran Nair,Female,12,B,52,36,44,37,53,88.85,No
477,Kiran Nair,Male,7,D,93,89,58,93,100,76.96,No
478,Kiran Kumar,Male,7,D,35,98,65,99,69,76.43,No
479,Arjun Sharma,Female,11,C,49,96,45,53,70,78.6,Yes
480,Vikram Gupta,Male,7,D,44,74,41,78,36,78.75,No
481,Neha Kumar,Female,8,C,72,56,39,73,68,62.46,No
482,Neha Nair,Male,11,C,38,71,97,45,51,80.22,No
483,Aditya Nair,Female,8,C,36,49,57,54,92,74.79,Yes
484,Aditya Patel,Female,7,A,78,45,53,54,98,90.11,No
485,Kiran Patel,Female,11,B,61,79,41,68,49,62.1,No
486,Kiran Iyer,Female,9,B,83,84,95,68,53,81.22,No
487,Arjun Singh,Female,9,C,40,47,80,90,69,73.4,No
488,Meera Singh,Female,9,B,59,78,58,75,36,86.91,Yes
489,Arjun Das,Male,10,A,92,79,63,71,67,67.72,Yes
490,Neha Reddy,Male,10,B,50,50,46,51,83,86.26,Yes
491,Meera Nair,Female,8,D,44,93,70,89,76,70.29,Yes
492,Aditya Sharma,Female,9,C,42,68,68,57,91,62.78,Yes
493,Neha Das,Male,11,D,48,53,90,62,48,96.5,No
494,Meera Sharma,Male,6,C,92,37,98,54,35,97.32,No
495,Aditya Nair,Female,9,A,100,97,96,90,86,93.76,Yes
496,Vikram Patel,Male,9,D,50,80,77,73,86,62.21,Yes
497,Priya Verma,Female,6,D,72,60,57,40,84,86.43,No
498,Kiran Reddy,Female,9,A,91,59,52,39,59,61.01,Yes
499,Ananya Das,Male,12,C,98,92,37,39,78,62.24,Yes
500,Kiran Reddy,Male,12,D,54,64,44,39,53,79.56,Yes
501,Ananya Gupta,Male,7,B,36,57,41,74,47,78.25,Yes
502,Neha Reddy,Male,6,D,63,43,60,89,78,92.46,No
503,Priya Reddy,Male,8,B,40,57,77,43,50,70.96,No
504,Rahul Kumar,Male,9,B,40,52,47,83,55,60.63,No
505,Meera Sharma,Male,7,A,71,88,95,51,61,65.72,No
506,Vikram Iyer,Female,7,B,39,58,98,46,73,73.91,Yes
507,Vikram Patel,Male,6,A,81,99,63,94,61,71.06,Yes
508,Meera Nair,Female,9,B,55,40,41,81,71,68.38,No
509,Priya Gupta,Female,6,A,41,57,55,38,97,80.6,Yes
510,Sneha Iyer,Female,9,B,76,64,49,76,64,63.92,No
511,Sneha Das,Male,6,D,97,41,90,53,62,97.12,No
512,Rahul Das,Female,7,D,59,80,69,60,77,65.09,Yes
513,Aditya Nair,Male,12,D,93,88,56,78,63,95.46,Yes
514,Neha Nair,Male,6,D,97,62,95,94,70,60.58,No
515,Sneha Patel,Female,9,B,54,35,88,40,40,99.65,Yes
516,Kiran Verma,Female,9,A,92,98,65,45,36,87.73,No
517,Sneha Nair,Female,8,B,46,37,96,74,55,88.13,Yes
518,Ananya Iyer,Male,12,D,58,82,94,35,44,75.4,No
519,Vikram Sharma,Female,9,C,61,45,77,42,100,97.81,No
520,Arjun Reddy,Female,8,D,40,81,81,57,43,82.43,Yes
521,Rahul Kumar,Male,10,A,96,61,63,76,80,95.92,No
522,Aditya Sharma,Male,8,C,92,97,99,50,95,88.39,No
523,Ananya Gupta,Female,12,A,59,93,46,45,85,95.92,No
524,Meera Reddy,Male,8,A,53,98,54,61,37,71.73,Yes
525,Ananya Kumar,Female,9,A,72,59,43,37,64,93.4,No
526,Kiran Gupta,Female,11,C,97,91,93,73,51,95.93,No
527,Rahul Singh,Male,9,C,71,41,53,80,71,78.24,Yes
528,Neha Nair,Female,7,B,54,55,65,49,40,99.75,Yes
529,Ananya Singh,Female,7,B,39,75,79,53,82,77.94,Yes
530,Vikram Singh,Male,6,D,98,53,93,75,54,60.17,No
531,Aditya Iyer,Female,12,B,91,78,49,96,40,65.58,Yes
532,Aditya Sharma,Female,10,B,92,80,46,76,42,84.33,Yes
533,Neha Verma,Male,12,C,60,37,45,92,46,99.03,No
534,Sneha Iyer,Female,10,A,81,85,53,89,82,75.44,Yes
535,Aditya Kumar,Female,8,D,46,62,91,88,91,71.55,No
536,Kiran Nair,Male,7,B,73,95,77,43,83,63.54,No
537,Aditya Das,Male,10,D,52,60,58,83,72,82.15,Yes
538,Aditya Gupta,Female,9,D,63,38,35,54,68,72.01,No
539,Meera Singh,Female,7,D,66,38,50,70,98,99.77,Yes
540,Neha Kumar,Female,10,D,68,95,50,82,100,89.32,Yes
541,Aditya Nair,Male,7,C,94,52,80,55,41,70.91,No
542,Priya Sharma,Female,8,A,100,59,58,47,56,81.75,No
543,Aditya Singh,Female,6,C,53,36,52,71,82,91.15,No
544,Priya Nair,Male,7,B,99,63,59,49,88,78.42,Yes
545,Meera Nair,Male,9,C,74,81,52,91,78,66.89,No
546,Arjun Reddy,Male,7,B,64,74,51,61,51,99.24,No
547,Meera Reddy,Male,12,D,90,40,60,48,39,91.72,Yes
548,Ananya Reddy,Female,6,A,73,36,47,50,61,83.5,Yes
549,Rahul Kumar,Male,6,B,70,79,80,55,99,91.23,Yes
550,Vikram Gupta,Male,6,A,62,59,71,56,35,98.94,Yes
551,Sneha Verma,Female,8,B,91,48,58,80,83,76.96,Yes
552,Kiran Reddy,Female,6,D,49,52,98,81,71,82.29,Yes
553,Meera Kumar,Female,6,D,71,93,74,91,63,82.16,No
554,Kiran Patel,Male,12,D,82,57,36,97,48,75.85,Yes
555,Meera Nair,Female,9,A,56,43,81,60,78,68.01,No
556,Meera Patel,Female,11,D,70,69,86,80,95,86.67,No
557,Ananya Verma,Female,7,D,48,50,67,97,98,69.23,Yes
558,Arjun Reddy,Male,12,A,98,38,57,83,76,66.11,Yes
559,Meera Verma,Female,12,D,60,72,98,97,99,70.47,No
560,Vikram Verma,Male,12,A,90,50,84,92,75,94.11,No
561,Ananya Sharma,Male,7,C,56,97,90,52,74,88.63,No
562,Meera Gupta,Female,11,D,95,55,99,42,85,70.54,No
563,Neha Kumar,Female,8,A,38,40,51,81,79,92.38,Yes
564,Priya Das,Male,9,C,80,87,79,42,66,69.9,No
565,Neha Reddy,Male,12,C,49,78,56,37,76,61.5,No
566,Neha Verma,Female,8,A,95,37,75,83,84,72.9,Yes
567,Ananya Reddy,Male,8,D,99,78,56,73,81,98.78,Yes
568,Ananya Reddy,Male,8,C,41,73,86,63,46,88.71,Yes
569,Neha Kumar,Female,6,D,89,61,79,44,73,80.19,No
570,Kiran Verma,Female,7,D,86,67,100,93,58,95.24,Yes
571,Neha Iyer,Male,11,D,69,90,42,60,81,78.5,Yes
572,Rahul Singh,Female,9,C,43,61,87,69,71,85.84,No
573,Neha Patel,Female,7,A,54,59,38,66,74,78.57,No
574,Kiran Sharma,Male,7,C,52,38,68,70,57,85.77,Yes
575,Ananya Sharma,Male,12,A,75,73,43,87,81,86.87,Yes
576,Kiran Nair,Male,6,A,67,98,46,65,50,90.93,No
577,Priya Gupta,Female,12,B,89,62,53,48,57,68.56,No
578,Ananya Das,Female,12,A,97,82,49,75,89,78.99,Yes
579,Aditya Nair,Female,9,C,74,37,39,41,65,70.12,No
580,Aditya Kumar,Male,10,B,91,84,36,85,67,72.04,Yes
581,Aditya Patel,Male,9,C,87,39,70,45,97,78.84,No
582,Priya Das,Male,12,B,68,99,43,80,88,84.08,No
583,Ananya Sharma,Male,11,B,91,52,35,86,60,85.13,No
584,Neha Reddy,Male,7,B,51,87,75,92,96,94.94,Yes
585,Aditya Nair,Female,12,C,60,45,88,82,58,75.74,No
586,Neha Patel,Male,6,B,46,94,60,68,56,61.99,No
587,Neha Singh,Male,6,C,56,50,36,90,93,93.09,No
588,Meera Patel,Male,7,C,71,98,83,51,90,94.25,Yes
589,Aditya Patel,Female,7,D,53,38,72,68,65,84.71,Yes
590,Priya Gupta,Female,6,A,95,52,76,85,62,88.53,No
591,Neha Singh,Male,6,A,41,77,65,95,80,99.87,Yes
592,Arjun Singh,Female,8,D,82,51,40,57,68,66.79,No
593,Priya Iyer,Male,6,C,90,53,68,49,75,61.77,Yes
594,Ananya Singh,Female,9,C,68,68,75,90,56,72.62,No
595,Rahul Verma,Female,6,B,54,41,64,58,39,78.81,Yes
596,Ananya Das,Male,9,A,91,80,97,93,98,64.5,Yes
597,Meera Kumar,Male,7,C,58,56,100,69,62,83.34,Yes
598,Vikram Gupta,Male,9,A,66,98,47,77,38,71.37,Yes
599,Kiran Kumar,Male,12,C,54,38,45,93,96,78.16,No
600,Neha Sharma,Female,6,D,76,51,62,41,71,72.93,Yes
601,Meera Verma,Female,6,D,67,57,65,86,46,60.82,Yes
602,Rahul Das,Female,8,B,50,73,97,90,74,96.15,Yes
603,Priya Reddy,Female,10,B,97,92,84,95,69,82.52,No
604,Meera Das,Female,10,B,90,89,46,40,100,73.67,No
605,Sneha Nair,Female,10,A,72,94,90,45,96,72.02,Yes
606,Aditya Patel,Female,8,A,44,40,100,48,100,77.0,Yes
607,Ananya Gupta,Female,8,C,45,99,37,49,94,67.18,Yes
608,Kiran Sharma,Male,9,C,75,93,92,68,78,98.67,Yes
609,Sneha Nair,Male,11,C,48,90,37,35,85,64.67,Yes
610,Ananya Iyer,Female,12,D,73,81,85,73,46,65.0,Yes
611,Sneha Reddy,Male,11,B,38,61,96,53,65,77.43,Yes
612,Meera Singh,Female,7,D,89,37,49,56,54,89.55,No
613,Ananya Iyer,Male,12,D,66,60,72,85,41,73.35,Yes
614,Kiran Das,Female,11,C,39,97,86,97,100,83.64,No
615,Sneha Sharma,Male,9,C,43,69,88,95,49,79.79,No
616,Ananya Das,Male,7,C,59,95,79,91,64,80.31,No
617,Neha Iyer,Male,8,D,88,81,95,55,61,71.3,Yes
618,Ananya Nair,Male,7,B,97,47,88,98,73,69.39,Yes
619,Arjun Kumar,Female,8,B,57,99,39,43,78,77.22,Yes
620,Meera Verma,Male,9,C,78,80,40,69,54,94.14,Yes
621,Arjun Iyer,Female,12,A,48,48,40,99,48,66.68,Yes
622,Sneha Kumar,Male,11,C,91,99,98,47,54,85.88,No
623,Rahul Reddy,Male,9,D,35,66,95,78,71,80.2,Yes
624,Aditya Kumar,Female,8,B,54,88,64,52,89,76.54,No
625,Ananya Verma,Female,6,D,53,36,43,45,78,72.59,Yes
626,Kiran Sharma,Female,12,A,54,42,72,88,86,95.43,No
627,Priya Kumar,Male,12,C,53,86,92,61,91,87.9,No
628,Sneha Singh,Male,6,C,84,51,71,62,46,80.47,No
629,Vikram Kumar,Male,6,A,68,65,73,89,99,64.42,Yes
630,Priya Singh,Female,6,A,50,92,73,35,93,73.56,Yes
631,Neha Gupta,Male,8,C,71,52,83,66,48,73.11,Yes
632,Priya Iyer,Male,7,D,87,45,46,42,89,95.54,No
633,Sneha Iyer,Male,8,D,85,68,98,89,91,87.56,No
634,Kiran Nair,Male,10,B,97,93,51,100,50,87.78,No
635,Ananya Sharma,Male,10,C,50,87,49,50,82,82.87,Yes
636,Vikram Nair,Male,8,C,82,73,72,97,38,91.65,Yes
637,Neha Das,Male,8,C,62,58,97,35,50,81.9,Yes
638,Arjun Das,Female,10,C,92,78,83,95,51,90.48,No
639,Ananya Iyer,Male,12,C,46,87,84,64,85,73.56,Yes
640,Ananya Singh,Male,12,B,38,74,50,45,59,98.21,Yes
641,Neha Verma,Male,12,D,99,37,50,58,37,71.0,Yes
642,Sneha Gupta,Female,6,C,86,40,97,37,78,77.48,No
643,Arjun Verma,Female,9,C,46,49,47,56,71,65.76,No
644,Meera Nair,Female,9,B,42,76,58,38,42,71.92,Yes
645,Priya Nair,Female,8,C,83,50,41,60,65,90.09,Yes
646,Ananya Verma,Female,6,C,42,75,94,87,43,79.37,No
647,Sneha Sharma,Female,10,A,66,51,73,87,92,63.36,Yes
648,Rahul Kumar,Male,12,B,89,92,40,35,94,98.44,No
649,Rahul Sharma,Male,9,C,67,83,79,62,100,71.25,Yes
650,Vikram Gupta,Male,8,A,85,50,52,70,90,68.43,No
651,Priya Singh,Female,8,B,76,78,61,93,77,60.63,Yes
652,Arjun Gupta,Female,6,A,57,87,97,85,45,91.49,Yes
653,Vikram Sharma,Female,11,A,80,83,80,84,57,93.57,Yes
654,Meera Iyer,Female,7,D,36,63,37,70,80,67.66,No
655,Sneha Patel,Female,8,A,70,98,61,35,60,99.37,No
656,Meera Singh,Female,7,B,57,43,51,43,51,70.38,Yes
657,Vikram Singh,Male,12,A,67,93,35,89,41,94.15,No
658,Kiran Das,Female,6,D,98,81,40,63,41,71.12,No
659,Vikram Iyer,Female,6,D,59,77,45,38,63,99.12,No
660,Meera Patel,Male,7,C,74,43,47,38,96,77.28,Yes
661,Neha Kumar,Female,7,A,95,65,78,41,77,80.79,Yes
662,Meera Gupta,Female,12,A,92,50,45,42,39,75.1,Yes
663,Rahul Sharma,Female,6,C,90,43,48,42,41,71.8,No
664,Kiran Reddy,Female,7,A,93,84,94,89,47,73.58,Yes
665,Ananya Verma,Female,10,B,48,48,36,43,59,96.17,Yes
666,Vikram Singh,Female,9,D,91,58,66,52,40,62.42,No
667,Neha Das,Female,8,B,53,95,74,78,72,74.75,Yes
668,Vikram Gupta,Male,6,B,99,41,89,79,60,99.06,Yes
669,Meera Kumar,Male,11,D,94,77,77,73,88,73.14,Yes
670,Ananya Sharma,Female,7,A,63,64,94,62,65,79.23,No
671,Kiran Patel,Female,7,A,81,36,44,80,38,82.19,Yes
672,Aditya Iyer,Male,11,C,40,38,60,60,71,66.97,No
673,Rahul Kumar,Male,7,B,37,57,68,47,37,93.26,Yes
674,Kiran Reddy,Female,7,C,93,65,82,82,56,97.65,No
675,Meera Reddy,Male,7,B,59,83,82,75,89,99.08,Yes
676,Arjun Gupta,Male,12,C,54,76,66,41,70,94.91,No
677,Sneha Reddy,Female,12,A,56,100,84,100,82,79.94,No
678,Rahul Kumar,Female,10,D,98,95,69,86,39,68.29,Yes
679,Ananya Patel,Female,7,C,89,83,55,82,67,82.02,Yes
680,Meera Singh,Female,10,C,64,40,94,100,78,77.04,No
681,Kiran Das,Female,12,D,75,69,83,38,57,77.67,No
682,Meera Kumar,Male,8,A,70,64,47,50,44,74.41,Yes
683,Priya Patel,Female,8,C,70,59,52,68,36,90.8,No
684,Priya Das,Female,12,A,95,100,54,85,64,69.08,Yes
685,Ananya Patel,Female,11,D,78,45,75,59,89,90.81,No
686,Sneha Iyer,Female,12,A,82,52,51,74,36,79.99,No
687,Priya Patel,Female,9,D,73,76,37,39,52,66.15,No
688,Neha Gupta,Female,9,B,85,43,84,59,95,64.35,No
689,Aditya Reddy,Male,6,B,39,97,38,58,60,62.78,No
690,Aditya Patel,Male,8,A,93,42,82,36,56,73.07,No
691,Kiran Nair,Male,7,D,96,43,84,61,51,94.82,No
692,Kiran Iyer,Male,10,C,60,99,93,70,60,60.3,Yes
693,Ananya Reddy,Female,10,B,77,97,93,94,40,89.49,No
694,Ananya Kumar,Female,9,B,88,66,57,90,93,75.39,Yes
695,Neha Reddy,Female,11,A,65,55,70,72,43,87.92,Yes
696,Ananya Das,Male,8,A,48,99,76,87,92,66.59,Yes
697,Vikram Sharma,Female,6,A,94,83,78,86,59,75.87,Yes
698,Aditya Reddy,Male,8,D,97,94,43,45,66,88.54,No
699,Rahul Iyer,Female,12,B,56,37,47,57,72,64.97,No
700,Rahul Reddy,Male,11,C,54,91,80,57,62,88.58,Yes
701,Ananya Sharma,Male,9,C,91,41,35,41,83,90.68,Yes
702,Priya Patel,Male,6,A,88,38,36,78,59,87.2,Yes
703,Sneha Reddy,Male,11,B,40,88,100,48,76,72.91,Yes
704,Neha Patel,Female,9,A,64,62,48,80,76,66.94,No
705,Priya Sharma,Female,7,D,63,43,70,82,40,62.69,Yes
706,Kiran Singh,Female,6,B,67,47,76,84,52,73.28,No
707,Ananya Reddy,Female,6,D,83,100,64,99,36,69.3,Yes
708,Aditya Patel,Female,12,B,45,42,52,82,98,71.86,Yes
709,Kiran Patel,Male,7,D,77,52,70,75,40,80.83,No
710,Aditya Sharma,Male,12,C,78,66,61,41,66,92.06,Yes
711,Neha Das,Female,7,D,35,43,97,43,59,62.08,Yes
712,Sneha Nair,Male,7,B,65,99,45,89,94,72.46,Yes
713,Sneha Das,Male,10,B,73,71,92,60,69,94.5,No
714,Meera Kumar,Female,9,B,95,91,89,99,90,90.41,No
715,Arjun Das,Female,12,A,73,54,57,67,83,78.55,No
716,Aditya Das,Female,6,C,52,95,60,54,59,60.17,No
717,Ananya Das,Female,9,C,84,97,74,44,87,95.4,Yes
718,Kiran Gupta,Male,7,D,67,79,100,97,82,87.86,No
719,Kiran Patel,Male,9,A,81,38,53,68,93,97.77,Yes
720,Aditya Patel,Male,6,A,46,84,85,45,59,95.04,Yes
721,Kiran Singh,Female,10,D,74,87,46,48,79,92.57,No
722,Sneha Das,Female,6,B,97,35,47,43,88,81.0,No
723,Kiran Nair,Male,8,B,52,60,97,58,99,97.94,No
724,Neha Patel,Male,7,A,58,59,68,87,91,85.07,Yes
725,Rahul Reddy,Female,6,D,50,70,43,78,38,83.43,No
726,Ananya Reddy,Male,6,C,35,40,47,62,35,75.03,No
727,Ananya Iyer,Female,10,D,78,82,78,75,65,97.64,No
728,Kiran Gupta,Male,8,C,47,35,93,86,52,61.03,Yes
729,Vikram Singh,Male,8,D,95,100,87,59,35,99.45,No
730,Arjun Kumar,Male,12,C,91,64,97,86,45,73.93,No
731,Meera Das,Female,10,B,53,99,39,51,98,91.87,No
732,Vikram Iyer,Male,9,A,96,65,66,62,56,90.13,Yes
733,Meera Das,Male,7,C,84,70,63,67,95,98.06,Yes
734,Rahul Verma,Female,6,C,63,43,78,83,83,86.16,No
735,Sneha Patel,Female,6,C,46,49,46,78,59,89.78,Yes
736,Neha Kumar,Male,12,C,83,35,74,42,59,93.88,No
737,Priya Kumar,Male,10,B,48,85,36,93,75,65.79,No
738,Sneha Iyer,Female,7,C,53,39,75,74,99,99.61,Yes
739,Aditya Gupta,Female,11,B,98,72,83,42,77,66.11,Yes
740,Sneha Sharma,Male,12,D,85,73,55,37,85,73.5,No
741,Priya Das,Female,6,C,71,59,85,47,51,72.94,Yes
742,Aditya Iyer,Male,10,B,91,96,72,53,61,68.73,Yes
743,Arjun Kumar,Male,11,B,83,89,56,42,47,74.22,No
744,Rahul Sharma,Male,10,C,90,54,86,66,39,64.75,No
745,Ananya Singh,Male,11,D,46,94,83,70,91,74.69,Yes
746,Meera Reddy,Male,9,B,37,96,70,47,58,75.36,No
747,Aditya Gupta,Male,6,C,43,58,86,37,85,82.24,No
748,Meera Verma,Male,12,B,50,58,58,35,92,92.02,Yes
749,Arjun Nair,Male,11,B,46,67,39,45,50,80.25,No
750,Vikram Nair,Female,11,A,66,73,40,72,91,65.59,No
751,Priya Verma,Female,10,B,47,40,65,39,59,65.67,Yes
752,Rahul Gupta,Male,10,C,70,51,89,44,67,70.43,Yes
753,Kiran Iyer,Male,8,D,53,61,44,69,59,88.58,Yes
754,Kiran Nair,Female,12,D,83,38,66,44,69,64.98,Yes
755,Vikram Das,Male,8,A,81,77,69,53,63,70.95,Yes
756,Kiran Patel,Female,6,A,57,74,97,47,79,88.02,No
757,Vikram Singh,Male,6,B,75,84,58,79,86,79.07,Yes
758,Aditya Sharma,Male,11,B,53,83,69,41,82,88.3,Yes
759,Neha Das,Female,7,D,80,94,99,71,70,98.1,Yes
760,Aditya Reddy,Female,9,C,46,45,44,65,46,66.6,Yes
761,Meera Singh,Female,12,A,89,100,52,96,98,80.6,Yes
762,Kiran Sharma,Male,12,A,89,79,66,40,92,98.59,Yes
763,Rahul Reddy,Female,12,B,100,80,41,89,98,75.16,No
764,Meera Kumar,Male,12,A,72,73,96,72,68,68.52,No
765,Sneha Singh,Male,9,D,42,80,35,93,77,71.93,Yes
766,Arjun Kumar,Male,9,C,36,47,90,97,60,63.39,Yes
767,Kiran Reddy,Female,6,B,67,63,95,85,82,71.97,No
768,Rahul Verma,Female,6,D,91,55,52,80,90,60.23,Yes
769,Meera Patel,Female,6,B,85,88,77,39,55,86.65,No
770,Aditya Reddy,Female,9,D,51,76,86,99,84,65.26,Yes
771,Arjun Nair,Male,8,A,65,41,78,89,36,77.37,No
772,Aditya Iyer,Male,12,D,66,54,100,58,66,71.25,Yes
773,Aditya Patel,Female,7,D,48,99,58,59,54,69.18,Yes
774,Kiran Sharma,Female,7,B,89,37,60,46,41,75.21,No
775,Sneha Patel,Female,9,D,42,100,89,41,73,64.4,No
776,Aditya Kumar,Female,7,C,41,58,40,35,41,86.42,No
777,Sneha Singh,Female,8,A,90,58,67,97,81,73.37,Yes
778,Meera Sharma,Male,8,C,81,82,65,70,61,83.37,Yes
779,Meera Nair,Male,6,B,59,92,47,44,78,72.06,No
780,Sneha Verma,Male,6,B,59,88,67,79,81,77.94,Yes
781,Kiran Reddy,Female,9,A,56,70,51,72,40,98.23,Yes
782,Sneha Das,Female,11,A,56,91,100,84,84,76.03,No
783,Sneha Nair,Male,7,B,36,100,93,99,68,72.14,Yes
784,Aditya Singh,Male,7,B,40,65,72,40,53,97.68,No
785,Rahul Singh,Male,11,B,61,49,35,79,82,72.98,No
786,Rahul Das,Female,8,A,36,80,63,70,57,70.24,Yes
787,Vikram Gupta,Male,11,D,67,61,91,63,76,70.75,No
788,Rahul Iyer,Male,11,D,82,53,96,46,98,67.26,Yes
789,Rahul Patel,Female,11,B,71,37,74,55,57,92.7,Yes
790,Meera Nair,Male,9,B,93,86,47,52,36,84.13,No
791,Kiran Sharma,Male,12,A,40,51,66,45,69,65.71,Yes
792,Arjun Reddy,Female,12,A,60,52,96,91,55,72.3,No
793,Rahul Patel,Male,10,C,50,37,40,48,72,64.1,No
794,Rahul Sharma,Male,6,B,89,84,53,80,71,69.04,No
795,Meera Iyer,Male,6,B,48,71,80,44,77,64.73,Yes
796,Arjun Gupta,Male,7,D,77,58,89,54,73,84.99,No
797,Priya Reddy,Female,9,C,68,44,35,54,53,72.81,No
798,Ananya Iyer,Male,6,D,70,53,46,76,51,67.27,No
799,Priya Kumar,Female,9,D,87,77,52,66,84,76.75,No
800,Vikram Verma,Female,10,B,84,45,88,63,46,69.41,Yes
801,Sneha Sharma,Female,10,D,52,49,42,79,81,93.95,Yes
802,Aditya Iyer,Male,12,D,66,61,63,42,52,64.69,Yes
803,Kiran Sharma,Female,8,A,48,44,96,55,38,65.88,Yes
804,Meera Patel,Male,6,D,54,58,95,52,73,78.81,No
805,Ananya Sharma,Female,6,B,42,39,57,99,55,60.43,No
806,Ananya Verma,Female,10,C,64,89,55,69,46,80.86,Yes
807,Sneha Das,Male,7,D,58,44,94,96,75,86.11,No
808,Kiran Nair,Male,12,C,89,59,69,48,48,63.11,No
809,Arjun Patel,Female,7,A,43,62,36,74,59,82.07,Yes
810,Sneha Singh,Male,10,A,96,40,41,75,46,97.74,Yes
811,Priya Singh,Female,10,B,75,85,80,51,47,73.25,Yes
812,Vikram Nair,Male,10,D,96,39,72,55,54,87.29,Yes
813,Meera Patel,Male,12,B,55,99,78,92,51,73.56,No
814,Neha Das,Male,11,D,65,61,44,54,98,63.9,Yes
815,Rahul Singh,Male,9,A,93,75,56,72,55,62.73,No
816,Priya Reddy,Male,7,D,68,95,67,91,52,97.59,No
817,Arjun Kumar,Female,9,D,51,91,81,100,75,74.95,No
818,Vikram Iyer,Female,11,A,42,66,36,54,48,71.63,Yes
819,Neha Das,Male,7,D,94,46,79,94,94,85.7,No
820,Meera Reddy,Male,11,A,85,90,60,86,77,62.58,No
821,Neha Iyer,Male,11,D,49,70,93,39,54,97.94,Yes
822,Sneha Kumar,Male,10,D,42,81,90,95,62,62.16,Yes
823,Kiran Singh,Female,11,B,45,53,43,70,86,63.27,No
824,Kiran Verma,Male,11,C,58,41,46,89,78,98.53,No
825,Rahul Patel,Female,9,D,95,55,90,80,84,92.92,Yes
826,Meera Gupta,Male,8,C,36,54,93,53,98,94.57,Yes
827,Kiran Singh,Male,9,B,92,47,39,62,59,76.81,Yes
828,Neha Das,Male,8,B,59,36,82,81,37,72.08,No
829,Vikram Reddy,Female,11,D,87,87,80,80,89,80.93,No
830,Meera Nair,Female,9,C,57,55,90,83,71,93.8,No
831,Aditya Gupta,Male,6,A,46,37,87,48,98,90.0,Yes
832,Ananya Verma,Male,11,C,88,62,63,93,83,64.58,No
833,Meera Kumar,Female,9,D,35,82,63,99,71,70.7,No
834,Aditya Das,Male,6,D,39,36,38,54,82,93.63,No
835,Priya Nair,Female,7,D,59,85,41,89,51,97.58,No
836,Rahul Das,Female,10,B,90,64,47,51,99,64.73,No
837,Aditya Verma,Male,8,B,46,46,38,90,36,85.16,Yes
838,Arjun Gupta,Male,10,D,38,51,93,80,58,69.59,Yes
839,Aditya Patel,Male,11,D,68,41,70,45,53,85.1,Yes
840,Meera Iyer,Male,6,B,71,68,58,46,44,79.77,No
841,Sneha Das,Male,9,A,87,44,97,44,61,87.49,No
842,Priya Iyer,Male,7,C,36,57,39,50,78,99.75,No
843,Neha Gupta,Male,7,C,50,59,38,37,100,90.44,Yes
844,Priya Reddy,Male,6,C,52,63,45,51,69,70.95,Yes
845,Meera Kumar,Female,9,D,90,100,86,59,67,66.92,No
846,Kiran Reddy,Female,7,B,97,90,92,89,69,92.64,Yes
847,Neha Das,Female,7,C,82,43,92,56,39,98.32,No
848,Neha Das,Female,10,C,85,38,49,58,76,77.18,Yes
849,Priya Patel,Male,7,C,82,53,75,50,36,72.74,Yes
850,Priya Patel,Female,10,C,64,43,84,71,62,81.09,Yes
851,Vikram Singh,Male,10,D,90,75,75,60,60,61.99,No
852,Ananya Sharma,Female,9,A,50,92,56,76,84,69.46,Yes
853,Aditya Sharma,Male,9,C,51,86,39,40,78,85.79,Yes
854,Ananya Reddy,Female,11,C,70,75,79,86,45,82.26,No
855,Ananya Gupta,Male,9,C,93,98,50,82,48,61.17,Yes
856,Arjun Nair,Male,8,D,63,56,46,59,82,92.65,Yes
857,Arjun Singh,Male,6,A,73,44,68,77,83,70.8,Yes
858,Rahul Gupta,Female,6,B,75,53,87,92,50,80.87,Yes
859,Neha Iyer,Female,8,C,96,63,46,68,72,88.46,No
860,Vikram Patel,Male,11,A,44,98,42,62,36,86.82,No
861,Kiran Patel,Female,6,C,61,100,75,74,93,86.21,Yes
862,Rahul Patel,Female,9,D,100,60,86,59,43,71.11,Yes
863,Aditya Gupta,Male,7,D,48,49,65,37,93,67.48,Yes
864,Ananya Verma,Female,8,C,50,45,80,90,62,66.02,No
865,Vikram Kumar,Male,9,C,82,47,41,83,89,67.76,Yes
866,Kiran Nair,Female,10,D,90,48,41,66,49,68.78,Yes
867,Arjun Gupta,Female,7,A,47,70,63,86,85,75.72,Yes
868,Aditya Iyer,Male,7,B,79,71,71,35,47,67.4,No
869,Aditya Patel,Male,8,A,56,58,77,93,53,98.49,No
870,Kiran Kumar,Male,7,C,44,56,36,80,95,83.33,No
871,Sneha Iyer,Male,6,A,72,64,99,56,53,91.01,Yes
872,Aditya Kumar,Female,9,C,67,97,67,81,93,60.54,No
873,Aditya Kumar,Female,6,C,37,53,87,63,53,74.29,Yes
874,Sneha Gupta,Female,8,B,46,59,83,48,70,95.09,No
875,Vikram Nair,Female,11,C,77,85,88,70,74,67.62,No
876,Neha Reddy,Female,12,D,79,71,49,36,98,97.09,Yes
877,Ananya Nair,Female,10,B,73,97,71,43,72,60.62,Yes
878,Sneha Singh,Male,6,D,74,35,90,80,35,62.0,Yes
879,Priya Singh,Male,6,C,53,60,90,45,72,68.75,No
880,Priya Patel,Female,9,D,47,68,73,74,57,82.56,No
881,Neha Nair,Male,8,B,88,60,73,74,45,71.89,No
882,Vikram Nair,Female,12,D,47,52,91,75,99,97.4,No
883,Ananya Kumar,Female,9,D,87,94,38,38,88,63.54,Yes
884,Neha Singh,Male,10,C,51,72,41,85,51,76.12,Yes
885,Ananya Verma,Female,12,A,45,42,69,48,77,83.77,No
886,Neha Iyer,Female,12,A,50,100,41,61,53,82.48,No
887,Rahul Patel,Male,8,C,35,97,60,49,43,60.0,Yes
888,Vikram Reddy,Male,7,A,95,38,99,91,85,62.23,Yes
889,Aditya Das,Female,7,B,68,91,50,90,53,85.45,Yes
890,Rahul Patel,Male,10,B,95,96,72,72,47,98.36,No
891,Priya Singh,Female,9,A,94,88,89,53,38,71.34,Yes
892,Neha Das,Male,10,C,39,91,40,80,52,78.72,No
893,Aditya Sharma,Male,8,B,79,84,100,43,57,86.24,No
894,Neha Kumar,Female,11,B,70,73,85,43,96,75.06,No
895,Neha Nair,Female,7,C,79,86,43,40,38,94.08,Yes
896,Sneha Reddy,Male,9,D,76,64,65,48,57,89.13,No
897,Kiran Reddy,Male,10,C,49,39,44,91,82,84.26,Yes
898,Rahul Kumar,Male,11,D,83,52,60,60,67,79.64,No
899,Sneha Patel,Male,9,B,46,38,47,61,39,92.4,Yes
900,Priya Das,Male,8,B,98,59,61,95,99,74.08,Yes
901,Meera Iyer,Female,11,D,44,45,51,73,47,64.72,Yes
902,Arjun Gupta,Female,6,B,72,67,84,80,43,94.9,Yes
903,Aditya Reddy,Male,12,C,86,42,49,95,68,86.13,Yes
904,Priya Das,Female,7,C,42,52,61,77,42,69.42,Yes
905,Neha Gupta,Male,8,A,88,45,96,51,69,88.93,Yes
906,Arjun Iyer,Male,11,C,90,96,73,64,37,97.25,Yes
907,Sneha Verma,Female,11,A,96,41,84,83,51,77.19,No
908,Vikram Nair,Male,9,A,82,80,59,78,90,96.72,Yes
909,Sneha Reddy,Male,7,D,40,36,66,42,44,62.27,No
910,Rahul Singh,Male,8,C,66,72,51,85,96,86.3,Yes
911,Meera Singh,Male,9,C,63,91,73,81,72,94.76,Yes
912,Vikram Singh,Female,11,A,41,79,87,97,70,63.14,Yes
913,Vikram Patel,Female,11,B,50,82,53,39,65,87.93,No
914,Meera Sharma,Female,12,A,69,70,84,73,45,62.39,No
915,Ananya Sharma,Female,9,D,40,63,61,83,58,86.4,Yes
916,Aditya Sharma,Female,6,C,68,62,38,78,90,94.63,Yes
917,Meera Verma,Female,11,C,94,89,68,55,83,78.69,Yes
918,Rahul Sharma,Female,12,C,45,66,72,78,85,61.54,No
919,Priya Singh,Female,12,A,50,74,76,68,57,77.75,Yes
920,Ananya Sharma,Female,6,C,96,62,87,42,45,71.06,No
921,Meera Iyer,Male,8,C,68,98,51,64,57,65.88,Yes
922,Sneha Reddy,Male,7,D,75,40,64,42,68,99.01,Yes
923,Priya Verma,Male,10,B,79,48,44,99,91,64.53,Yes
924,Sneha Patel,Female,10,C,88,44,89,71,53,60.99,No
925,Priya Das,Female,9,C,38,55,82,40,72,97.21,Yes
926,Meera Gupta,Male,12,C,100,100,79,62,83,93.23,Yes
927,Rahul Das,Male,6,B,99,88,50,41,95,86.37,No
928,Priya Singh,Male,12,C,66,77,66,81,64,78.23,Yes
929,Sneha Iyer,Female,8,A,80,99,44,81,96,84.21,No
930,Kiran Patel,Male,10,B,87,52,68,71,78,72.55,Yes
931,Kiran Das,Male,10,D,60,58,93,36,56,64.83,No
932,Vikram Iyer,Male,7,A,90,38,56,44,51,80.6,No
933,Kiran Kumar,Male,9,B,72,50,78,78,48,99.77,Yes
934,Meera Kumar,Female,9,D,90,72,96,52,58,88.95,Yes
935,Rahul Sharma,Female,11,D,83,76,91,57,100,88.9,No
936,Meera Patel,Female,9,C,41,100,89,71,76,75.36,Yes
937,Rahul Sharma,Male,9,C,75,47,79,71,56,64.74,No
938,Ananya Iyer,Male,7,C,68,48,64,70,53,63.84,Yes
939,Arjun Gupta,Male,10,B,35,97,38,82,61,71.27,No
940,Ananya Verma,Male,12,D,72,49,50,91,90,79.73,Yes
941,Rahul Singh,Male,8,A,63,44,76,55,99,73.41,No
942,Vikram Reddy,Female,6,D,47,75,59,39,36,69.84,No
943,Sneha Patel,Female,9,B,97,58,98,71,51,67.94,Yes
944,Vikram Patel,Male,9,A,97,61,57,39,88,87.52,No
945,Neha Patel,Female,9,B,73,64,72,97,97,91.87,No
946,Neha Kumar,Female,8,A,63,49,71,88,92,73.02,No
947,Meera Nair,Female,8,A,79,85,51,96,97,84.04,Yes
948,Arjun Singh,Female,10,B,87,42,76,68,75,76.45,No
949,Kiran Das,Female,6,C,97,63,78,40,74,77.91,Yes
950,Neha Nair,Male,12,A,77,51,37,37,83,63.61,No
951,Priya Verma,Male,11,A,61,81,60,55,85,94.39,Yes
952,Aditya Nair,Female,8,D,62,66,36,39,37,90.2,Yes
953,Vikram Das,Female,6,B,71,73,38,64,66,61.35,Yes
954,Kiran Das,Male,12,C,45,44,44,99,88,60.81,Yes
955,Meera Gupta,Female,7,C,76,89,100,37,73,70.96,Yes
956,Meera Singh,Female,9,C,89,46,63,87,70,79.33,Yes
957,Kiran Sharma,Female,11,D,82,48,92,63,38,75.89,Yes
958,Ananya Kumar,Female,10,A,74,77,53,45,47,82.44,Yes
959,Ananya Gupta,Male,6,B,86,95,64,42,98,70.08,No
960,Priya Nair,Male,8,D,35,69,61,97,98,72.52,Yes
961,Priya Iyer,Female,10,A,48,89,44,83,51,90.28,Yes
962,Vikram Reddy,Male,7,D,49,39,89,98,56,85.05,No
963,Rahul Verma,Female,9,A,72,50,90,72,69,80.9,No
964,Neha Nair,Male,8,B,82,67,95,94,61,97.45,Yes
965,Rahul Verma,Female,6,C,88,57,54,95,43,99.73,Yes
966,Aditya Patel,Male,11,A,93,77,47,42,94,83.78,Yes
967,Priya Verma,Male,8,A,59,70,71,89,74,74.69,No
968,Aditya Verma,Male,6,B,48,62,70,57,68,82.55,Yes
969,Vikram Gupta,Female,8,C,95,61,56,35,64,99.56,Yes
970,Neha Nair,Male,7,D,35,76,44,41,52,80.47,No
971,Kiran Iyer,Female,8,A,65,85,83,84,95,74.2,No
972,Vikram Reddy,Male,7,C,53,90,91,97,67,87.41,No
973,Priya Nair,Male,12,C,94,79,89,62,59,75.3,Yes
974,Arjun Patel,Female,8,B,35,74,77,47,82,96.63,Yes
975,Neha Singh,Male,11,C,96,85,40,67,70,85.01,Yes
976,Ananya Gupta,Female,9,B,95,48,39,82,38,84.52,Yes
977,Rahul Nair,Male,9,A,42,91,42,75,47,94.32,No
978,Sneha Gupta,Male,8,C,56,81,36,86,88,93.51,Yes
979,Meera Patel,Male,11,C,45,57,91,40,70,84.34,No
980,Rahul Sharma,Female,8,C,50,78,94,46,94,63.53,Yes
981,Rahul Reddy,Male,8,A,56,36,62,82,93,63.25,Yes
982,Aditya Patel,Male,8,A,83,71,57,70,52,82.6,No
983,Sneha Patel,Female,7,B,72,68,91,68,46,79.6,No
984,Priya Verma,Female,12,B,39,84,54,61,90,73.88,No
985,Sneha Kumar,Female,6,B,68,62,94,68,39,96.88,Yes
986,Ananya Nair,Female,10,C,82,83,39,76,48,85.18,Yes
987,Rahul Das,Female,8,C,47,58,80,74,55,78.67,Yes
988,Arjun Iyer,Female,10,D,86,95,66,67,82,84.04,No
989,Kiran Singh,Male,7,A,88,89,69,86,38,66.56,Yes
990,Aditya Gupta,Male,10,B,51,77,41,46,74,91.71,Yes
991,Priya Iyer,Female,7,D,35,53,60,57,73,72.3,Yes
992,Sneha Patel,Female,6,B,54,82,35,96,55,73.79,No
993,Vikram Das,Male,9,D,94,66,47,84,51,72.73,Yes
994,Kiran Kumar,Female,12,D,85,44,79,97,38,68.87,Yes
995,Sneha Kumar,Female,8,A,85,44,64,52,98,67.52,Yes
996,Aditya Das,Male,8,D,58,89,54,71,74,75.47,No
997,Arjun Singh,Female,7,B,85,48,94,45,79,87.44,Yes
998,Kiran Sharma,Male,8,B,99,84,93,36,97,86.15,No
999,Kiran Sharma,Female,9,C,49,92,99,82,95,88.48,No
1000,Meera Nair,Female,10,D,45,54,35,78,68,67.9,No
1001,Kiran Sharma,Female,8,A,50,97,93,81,41,95.57,No
1002,Aditya Das,Female,11,C,38,69,57,72,80,76.68,No
1003,Priya Singh,Male,10,A,80,39,85,66,57,63.36,Yes
1004,Rahul Nair,Female,9,C,79,93,66,93,40,63.06,No
1005,Arjun Nair,Male,9,A,78,73,89,86,37,67.36,No
1006,Meera Das,Male,12,B,68,73,100,66,41,74.97,No
1007,Sneha Das,Female,11,B,70,99,40,86,58,87.13,No
1008,Arjun Das,Male,6,D,51,70,69,94,75,63.89,Yes
1009,Arjun Kumar,Male,6,C,93,88,77,84,95,97.19,Yes
1010,Priya Kumar,Female,8,D,54,94,98,61,56,86.92,No
1011,Kiran Sharma,Male,11,D,79,45,61,82,73,71.67,No
1012,Ananya Iyer,Male,7,B,80,90,88,37,71,82.26,No
1013,Sneha Das,Male,9,A,47,85,62,62,49,82.83,Yes
1014,Rahul Das,Female,8,B,88,70,75,81,48,86.57,No
1015,Vikram Verma,Female,7,D,98,94,71,92,55,96.96,Yes
1016,Kiran Singh,Male,10,C,94,57,47,84,88,98.97,No
1017,Sneha Sharma,Male,7,A,87,37,76,66,56,82.77,No
1018,Meera Kumar,Male,11,D,100,59,55,93,82,88.92,Yes
1019,Rahul Iyer,Male,8,B,72,43,38,61,94,78.37,No
1020,Sneha Nair,Female,10,A,77,55,66,94,43,60.28,Yes
1021,Kiran Verma,Female,12,D,44,88,68,50,38,77.54,Yes
1022,Aditya Das,Male,8,D,100,91,89,50,48,65.84,No
1023,Neha Reddy,Male,8,D,78,53,66,96,61,70.58,No
1024,Meera Iyer,Female,12,B,68,78,72,91,77,91.49,No
1025,Neha Singh,Male,12,B,53,71,38,63,82,82.54,No
1026,Aditya Nair,Female,9,D,72,54,51,53,72,94.37,No
1027,Sneha Sharma,Male,10,C,53,36,68,81,100,89.82,No
1028,Ananya Gupta,Male,8,B,99,75,82,83,97,85.94,No
1029,Rahul Iyer,Female,6,A,78,63,74,61,63,66.0,Yes
1030,Sneha Kumar,Female,9,A,64,60,81,39,86,85.06,No
1031,Vikram Reddy,Female,10,A,42,92,66,66,67,91.89,Yes
1032,Sneha Patel,Female,7,A,69,70,46,59,43,96.25,Yes
1033,Vikram Singh,Male,7,B,66,96,94,47,41,72.75,Yes
1034,Sneha Iyer,Male,9,A,95,60,47,62,97,72.0,Yes
1035,Neha Das,Male,11,D,59,93,35,67,87,84.05,No
1036,Rahul Kumar,Female,10,C,73,68,66,78,70,87.11,No
1037,Ananya Reddy,Male,9,A,75,100,95,98,55,67.15,No
1038,Aditya Reddy,Female,8,B,59,48,64,62,74,80.07,No
1039,Vikram Iyer,Male,11,C,61,54,76,55,59,90.66,Yes
1040,Rahul Gupta,Male,8,D,88,69,64,68,95,97.37,No
1041,Priya Nair,Female,8,C,75,92,74,89,85,90.51,Yes
1042,Kiran Sharma,Female,8,B,93,70,37,60,61,86.48,No
1043,Aditya Kumar,Male,8,D,83,76,60,62,99,77.6,No
1044,Meera Reddy,Male,7,C,96,95,40,84,97,69.99,No
1045,Arjun Reddy,Male,11,C,70,82,91,71,49,78.87,Yes
1046,Priya Das,Male,12,B,73,60,46,91,66,73.11,No
1047,Vikram Verma,Female,11,A,52,43,75,81,92,89.89,Yes
1048,Rahul Kumar,Female,7,D,81,77,60,68,67,84.14,Yes
1049,Rahul Reddy,Female,9,D,97,41,42,100,82,60.65,No
1050,Arjun Verma,Female,12,D,71,77,43,44,46,98.97,Yes
1051,Vikram Nair,Male,10,D,59,44,90,70,94,78.05,Yes
1052,Priya Reddy,Male,11,C,93,90,37,86,72,60.25,No
1053,Arjun Sharma,Male,8,D,54,68,63,76,93,86.14,Yes
1054,Neha Kumar,Male,7,B,61,74,58,47,38,81.34,Yes
1055,Rahul Verma,Female,6,C,75,64,61,60,73,66.53,No
1056,Sneha Patel,Female,6,B,91,50,83,38,91,94.7,Yes
1057,Kiran Sharma,Female,9,D,60,61,83,50,46,98.77,Yes
1058,Rahul Patel,Male,9,C,75,88,59,61,46,91.99,No
1059,Ananya Singh,Male,9,A,35,83,88,86,47,74.19,No
1060,Meera Das,Female,7,A,84,95,37,70,76,61.81,Yes
1061,Rahul Gupta,Male,7,B,52,95,39,42,61,94.65,No
1062,Priya Gupta,Female,12,B,88,57,57,54,58,74.6,Yes
1063,Rahul Sharma,Female,7,C,86,82,68,76,38,91.33,No
1064,Arjun Iyer,Male,11,B,87,40,83,56,55,64.0,No
1065,Sneha Reddy,Female,6,A,95,94,88,91,52,94.28,Yes
1066,Aditya Iyer,Female,8,B,76,81,47,96,98,89.95,Yes
1067,Rahul Patel,Male,12,B,63,45,47,86,71,95.48,Yes
1068,Sneha Patel,Female,7,C,77,94,69,51,76,76.88,Yes
1069,Neha Sharma,Female,11,A,60,58,36,53,39,93.42,Yes
1070,Rahul Das,Female,6,D,96,79,59,86,92,99.71,No
1071,Neha Singh,Female,6,C,100,78,78,58,67,73.64,No
1072,Vikram Iyer,Male,11,C,68,43,81,89,38,98.59,Yes
1073,Meera Patel,Female,12,A,50,72,51,79,74,78.1,Yes
1074,Vikram Nair,Female,12,B,53,63,37,60,80,81.02,Yes
1075,Neha Verma,Male,12,C,64,56,82,55,47,87.22,Yes
1076,Rahul Verma,Female,12,B,70,41,86,72,84,96.04,No
1077,Ananya Iyer,Female,7,C,35,44,67,74,61,96.92,Yes
1078,Arjun Das,Male,7,D,55,66,85,55,88,75.64,Yes
1079,Sneha Kumar,Male,7,C,52,86,50,54,61,77.74,No
1080,Priya Sharma,Male,10,C,48,95,64,91,73,92.89,No
1081,Rahul Reddy,Female,8,A,83,67,49,94,89,83.4,No
1082,Aditya Patel,Male,6,C,65,98,90,88,42,85.52,No
1083,Aditya Singh,Female,9,C,80,45,36,47,97,69.71,No
1084,Sneha Gupta,Female,11,C,48,97,83,83,40,84.07,Yes
1085,Neha Reddy,Male,12,B,81,88,85,40,79,85.88,No
1086,Ananya Gupta,Male,9,D,38,62,58,38,77,63.95,No
1087,Arjun Iyer,Female,8,C,80,66,70,92,41,72.98,No
1088,Rahul Patel,Female,11,D,79,57,98,46,77,74.07,Yes
1089,Priya Singh,Male,11,A,86,75,98,58,83,68.09,No
1090,Priya Kumar,Female,8,B,56,76,37,49,59,83.27,No
1091,Vikram Verma,Male,9,A,60,46,46,86,68,65.83,No
1092,Vikram Kumar,Female,7,D,48,72,45,76,63,77.7,Yes
1093,Sneha Verma,Male,11,C,38,98,63,63,66,95.01,No
1094,Sneha Nair,Male,8,B,37,96,91,88,59,76.49,No
1095,Neha Das,Female,11,C,68,90,82,81,65,72.81,No
1096,Meera Nair,Female,12,B,51,47,99,95,75,64.19,Yes
1097,Priya Verma,Male,9,C,41,93,91,98,90,62.59,Yes
1098,Arjun Verma,Female,10,A,79,96,53,43,80,62.62,No
1099,Neha Singh,Male,11,D,90,52,85,62,92,72.39,No
1100,Priya Patel,Female,7,C,35,41,80,50,44,84.55,No
1101,Rahul Patel,Male,10,B,58,38,98,50,77,63.56,No
1102,Neha Das,Female,9,D,52,78,58,47,74,74.21,No
1103,Aditya Iyer,Male,7,C,86,60,64,79,45,73.59,Yes
1104,Vikram Singh,Male,10,A,42,82,47,56,35,98.54,Yes
1105,Arjun Kumar,Female,8,A,82,43,57,59,98,67.27,Yes
1106,Priya Reddy,Male,10,C,57,91,57,99,54,92.57,No
1107,Arjun Gupta,Male,10,A,74,72,48,79,58,83.6,Yes
1108,Meera Iyer,Male,10,B,78,93,84,92,49,86.75,Yes
1109,Priya Patel,Female,7,B,97,59,86,40,80,62.34,No
1110,Neha Reddy,Male,11,C,85,60,71,76,52,77.92,Yes
1111,Aditya Das,Female,9,D,45,97,38,97,48,72.86,No
1112,Neha Das,Female,9,C,42,40,59,46,74,95.68,Yes
1113,Priya Sharma,Male,6,C,84,59,80,41,90,89.54,Yes
1114,Vikram Kumar,Male,7,A,93,58,63,75,44,88.56,No
1115,Sneha Gupta,Male,6,D,61,49,72,35,65,86.38,No
1116,Rahul Das,Male,8,D,40,54,53,66,68,95.28,No
1117,Neha Singh,Male,11,C,87,36,88,87,83,71.12,Yes
1118,Ananya Singh,Male,11,D,40,92,51,63,44,85.5,Yes
1119,Rahul Iyer,Male,7,C,56,67,85,71,71,71.39,No
1120,Meera Reddy,Female,12,B,46,98,60,51,39,78.76,Yes
1121,Meera Patel,Male,12,D,58,45,43,65,90,84.61,No
1122,Rahul Iyer,Male,11,B,61,75,40,36,54,73.65,No
1123,Rahul Kumar,Female,7,A,85,83,54,72,99,62.55,Yes
1124,Sneha Kumar,Female,6,D,43,66,71,55,53,81.88,No
1125,Arjun Reddy,Male,9,A,56,76,82,39,53,96.06,Yes
1126,Arjun Das,Male,10,A,84,50,63,39,44,60.79,No
1127,Neha Das,Female,11,D,92,65,97,67,79,99.21,No
1128,Ananya Nair,Female,10,C,63,53,71,57,84,99.97,Yes
1129,Priya Sharma,Female,12,C,53,40,93,87,64,99.5,Yes
1130,Priya Patel,Female,9,D,93,92,91,84,94,74.54,No
1131,Kiran Nair,Male,7,B,59,59,81,94,87,74.99,No
1132,Sneha Das,Male,9,A,92,73,87,41,60,68.69,Yes
1133,Kiran Verma,Female,7,D,38,61,84,57,69,99.35,Yes
1134,Kiran Gupta,Male,7,D,75,94,66,51,97,72.65,Yes
1135,Meera Reddy,Male,6,A,41,77,46,75,80,68.12,Yes
1136,Sneha Singh,Male,8,C,92,95,78,57,72,72.13,Yes
1137,Rahul Nair,Female,6,D,55,95,70,66,49,86.55,Yes
1138,Ananya Reddy,Male,7,D,95,83,96,56,37,83.45,No
1139,Ananya Gupta,Male,9,A,97,79,78,45,82,62.76,Yes
1140,Neha Singh,Female,7,A,60,76,72,45,80,84.11,No
1141,Arjun Gupta,Female,7,C,67,59,100,70,38,79.58,Yes
1142,Arjun Patel,Female,8,D,90,78,40,69,93,86.38,No
1143,Vikram Sharma,Male,12,A,37,73,83,60,95,75.2,Yes
1144,Aditya Das,Female,8,D,87,78,51,79,68,82.1,No
1145,Aditya Singh,Male,9,A,75,100,49,37,51,92.25,Yes
1146,Sneha Reddy,Male,8,A,54,65,46,44,36,88.92,No
1147,Neha Reddy,Male,10,D,77,48,50,42,52,67.98,Yes
1148,Rahul Reddy,Male,6,D,64,61,41,45,84,72.82,Yes
1149,Ananya Patel,Female,10,B,95,71,42,91,58,80.3,Yes
1150,Rahul Patel,Female,7,B,50,44,59,58,76,90.25,Yes
1151,Rahul Das,Female,10,D,99,71,62,89,67,92.98,Yes
1152,Vikram Sharma,Female,8,B,43,42,43,98,79,96.11,Yes
1153,Neha Das,Male,11,D,36,46,75,81,43,82.77,No
1154,Ananya Kumar,Female,8,D,73,97,75,59,64,83.49,Yes
1155,Priya Das,Female,9,C,86,94,94,92,54,65.68,No
1156,Kiran Sharma,Male,12,C,83,54,86,81,36,77.38,Yes
1157,Rahul Gupta,Male,7,A,37,85,95,54,69,73.49,Yes
1158,Ananya Das,Male,8,C,64,59,97,98,90,77.4,Yes
1159,Ananya Sharma,Female,6,A,76,96,72,53,65,80.75,No
1160,Sneha Das,Female,6,C,55,78,74,89,50,83.96,No
1161,Priya Kumar,Male,8,D,43,37,92,82,88,69.84,No
1162,Sneha Kumar,Female,12,C,78,77,59,51,76,91.26,Yes
1163,Neha Gupta,Male,12,B,97,95,37,75,100,95.23,No
1164,Rahul Gupta,Female,6,D,94,69,43,92,84,91.1,No
1165,Rahul Kumar,Male,9,B,63,35,76,80,96,82.48,No
1166,Priya Iyer,Female,10,B,59,50,72,42,59,80.94,No
1167,Sneha Das,Female,11,A,73,68,61,53,72,61.01,No
1168,Meera Kumar,Female,12,B,92,83,55,91,75,64.31,No
1169,Ananya Singh,Male,11,D,71,55,51,76,37,64.96,No
1170,Vikram Iyer,Female,7,C,83,38,90,76,85,67.12,Yes
1171,Aditya Kumar,Male,10,A,51,98,43,43,52,66.06,Yes
1172,Sneha Reddy,Female,8,C,45,87,78,43,98,76.02,Yes
1173,Vikram Das,Female,11,B,46,61,92,55,49,90.51,No
1174,Sneha Patel,Male,11,A,41,63,96,40,40,68.76,Yes
1175,Rahul Nair,Female,8,D,85,37,100,72,98,60.94,No
1176,Vikram Reddy,Male,7,A,61,64,97,35,79,88.07,No
1177,Vikram Nair,Female,7,B,35,71,69,82,100,75.54,Yes
1178,Neha Singh,Female,7,C,68,85,50,71,92,61.15,No
1179,Sneha Nair,Male,6,D,48,61,60,73,62,95.47,No
1180,Priya Iyer,Male,11,B,67,62,100,38,74,60.49,Yes
1181,Priya Patel,Female,11,D,76,93,85,56,97,79.21,No
1182,Sneha Reddy,Male,6,A,41,36,70,35,73,77.8,Yes
1183,Meera Sharma,Female,7,B,89,82,44,70,88,86.15,No
1184,Arjun Reddy,Female,7,C,93,61,50,38,95,66.98,Yes
1185,Meera Patel,Female,12,C,69,37,96,43,54,68.62,No
1186,Kiran Sharma,Male,9,D,94,87,57,36,40,86.26,No
1187,Aditya Iyer,Male,12,C,38,69,59,65,92,92.41,Yes
1188,Neha Das,Female,12,B,41,71,81,46,82,78.25,No
1189,Vikram Nair,Female,11,C,53,76,79,87,57,83.21,No
1190,Ananya Kumar,Female,7,D,87,81,90,46,67,95.39,No
1191,Priya Iyer,Female,12,B,40,78,99,53,78,81.61,Yes
1192,Neha Nair,Male,12,D,45,88,49,99,40,80.78,Yes
1193,Aditya Verma,Male,11,B,77,97,49,76,82,81.94,No
1194,Vikram Das,Male,10,C,87,48,63,93,54,93.37,Yes
1195,Arjun Verma,Male,9,B,44,74,65,86,73,93.01,Yes
1196,Sneha Sharma,Male,6,C,50,61,58,44,43,70.14,Yes
1197,Kiran Kumar,Female,6,C,78,84,82,61,73,77.14,No
1198,Neha Gupta,Male,11,D,39,98,75,79,38,70.23,No
1199,Kiran Verma,Male,9,C,97,38,83,39,97,90.36,Yes
1200,Ananya Singh,Male,6,B,47,93,83,78,65,84.14,No
1201,Arjun Kumar,Female,10,D,62,87,47,36,51,83.74,Yes
1202,Vikram Iyer,Male,10,B,94,70,84,41,67,83.43,No
1203,Rahul Iyer,Female,12,B,40,72,77,89,49,87.47,Yes
1204,Sneha Iyer,Female,7,A,84,57,83,40,73,67.31,No
1205,Neha Iyer,Male,11,D,49,47,56,52,51,89.61,Yes
1206,Ananya Iyer,Female,12,D,37,82,48,88,95,61.34,No
1207,Vikram Das,Male,6,A,68,80,95,86,99,96.77,Yes
1208,Meera Sharma,Male,6,B,60,92,82,68,96,62.67,Yes
1209,Neha Das,Male,10,A,64,60,53,73,52,89.87,No
1210,Arjun Kumar,Male,10,A,49,69,36,73,52,72.78,Yes
1211,Ananya Patel,Male,11,D,96,96,62,47,57,75.51,Yes
1212,Rahul Nair,Male,12,A,96,100,44,56,66,85.08,No
1213,Priya Patel,Female,9,A,90,40,76,85,38,67.7,No
1214,Kiran Iyer,Male,11,B,96,100,87,55,65,83.96,No
1215,Ananya Reddy,Female,10,A,88,43,45,53,40,74.78,No
1216,Aditya Iyer,Female,8,C,74,95,100,97,84,90.3,Yes
1217,Ananya Kumar,Male,11,D,78,43,67,69,69,94.99,Yes
1218,Priya Kumar,Male,10,B,79,74,59,77,87,71.14,No
1219,Sneha Gupta,Male,12,C,59,81,76,61,94,83.27,Yes
1220,Meera Singh,Male,7,C,58,98,82,66,85,79.37,No
1221,Neha Iyer,Female,7,C,44,67,50,83,85,60.13,Yes
1222,Aditya Iyer,Female,10,C,100,88,60,69,41,99.26,No
1223,Neha Reddy,Female,9,D,75,50,52,58,50,74.45,Yes
1224,Arjun Reddy,Female,6,C,51,47,89,61,40,95.65,Yes
1225,Arjun Reddy,Female,10,C,71,90,65,64,63,84.73,No
1226,Vikram Kumar,Male,7,A,75,63,56,84,61,81.67,Yes
1227,Rahul Reddy,Female,12,D,50,47,66,87,63,69.68,Yes
1228,Rahul Patel,Female,6,A,65,74,90,84,92,68.54,Yes
1229,Meera Das,Female,9,B,84,83,37,69,61,95.27,No
1230,Kiran Verma,Female,8,A,98,99,84,91,61,74.92,Yes
1231,Neha Das,Male,12,D,61,62,75,80,86,70.97,No
1232,Sneha Das,Female,6,B,43,92,37,84,79,74.38,Yes
1233,Ananya Das,Female,9,A,90,67,79,64,69,74.66,No
1234,Ananya Nair,Male,7,B,39,83,81,41,64,63.6,Yes
1235,Meera Gupta,Male,8,A,67,92,54,72,53,94.34,No
1236,Rahul Patel,Female,8,B,43,64,46,41,57,71.53,No
1237,Kiran Nair,Male,6,B,44,43,47,69,57,81.36,No
1238,Vikram Kumar,Male,7,B,66,36,76,56,69,80.53,Yes
1239,Vikram Verma,Male,9,B,56,41,95,54,51,69.68,No
1240,Neha Singh,Female,7,D,57,49,66,55,40,62.68,No
1241,Rahul Sharma,Female,9,D,85,86,94,80,86,90.07,No
1242,Rahul Verma,Female,7,A,61,44,82,73,49,84.18,No
1243,Kiran Das,Female,8,A,75,97,60,37,62,77.42,Yes
1244,Ananya Gupta,Male,11,C,85,66,53,37,64,96.15,No
1245,Ananya Das,Female,11,D,82,61,94,51,88,98.38,Yes
1246,Rahul Reddy,Female,8,A,79,94,84,90,44,83.93,No
1247,Vikram Verma,Female,6,D,43,80,77,59,74,96.88,Yes
1248,Arjun Reddy,Male,11,C,42,38,100,62,82,60.97,No
1249,Priya Gupta,Female,8,C,71,82,41,50,91,90.34,No
1250,Vikram Sharma,Male,7,D,77,91,69,53,53,90.48,Yes
1251,Meera Gupta,Female,8,D,63,40,40,73,36,98.14,Yes
1252,Kiran Gupta,Male,9,B,89,67,61,35,43,66.54,Yes
1253,Aditya Iyer,Male,7,D,56,98,49,45,93,92.47,No
1254,Neha Kumar,Female,8,C,76,54,70,66,63,92.6,No
1255,Ananya Singh,Female,10,C,98,86,41,73,67,64.26,Yes
1256,Vikram Patel,Male,7,D,54,47,99,81,87,89.7,No
1257,Neha Kumar,Female,6,B,55,96,43,75,42,77.42,No
1258,Rahul Das,Female,6,C,82,50,74,65,97,95.16,No
1259,Kiran Gupta,Male,9,D,65,71,66,56,78,66.37,No
1260,Neha Das,Male,6,A,45,36,54,89,98,95.86,Yes
1261,Arjun Sharma,Female,7,A,52,72,81,80,46,61.62,No
1262,Priya Reddy,Male,10,A,40,35,59,56,85,92.97,No
1263,Meera Singh,Female,10,A,71,52,43,94,68,66.3,Yes
1264,Ananya Gupta,Male,11,C,39,85,78,55,95,92.41,No
1265,Vikram Singh,Female,11,D,88,65,74,76,61,69.63,Yes
1266,Rahul Sharma,Male,6,A,53,48,92,51,54,88.91,No
1267,Priya Kumar,Male,11,D,90,87,50,73,61,95.82,Yes
1268,Priya Nair,Female,7,C,43,41,39,67,84,67.46,No
1269,Ananya Das,Female,9,B,76,89,75,58,35,94.77,Yes
1270,Aditya Das,Male,9,C,53,40,52,65,100,84.16,No
1271,Sneha Nair,Female,6,A,81,78,82,78,35,64.18,Yes
1272,Sneha Nair,Female,11,C,85,60,90,40,93,98.57,No
1273,Vikram Iyer,Male,8,C,37,87,43,95,88,97.16,Yes
1274,Priya Gupta,Male,9,C,73,39,64,67,85,70.61,Yes
1275,Arjun Patel,Female,7,D,35,90,41,44,70,81.41,No
1276,Arjun Verma,Female,12,A,98,62,71,49,65,97.03,No
1277,Vikram Kumar,Male,10,B,36,89,45,77,66,97.86,Yes
1278,Meera Nair,Female,7,C,67,88,55,89,61,89.17,No
1279,Meera Singh,Female,10,A,44,54,50,35,65,62.64,No
1280,Rahul Reddy,Female,8,A,99,94,100,50,96,86.72,No
1281,Meera Kumar,Male,8,B,84,59,67,37,46,99.68,Yes
1282,Rahul Kumar,Male,10,B,96,79,38,78,84,91.71,No
1283,Meera Verma,Female,7,B,59,96,43,64,98,82.3,No
1284,Kiran Kumar,Female,7,A,39,92,59,35,80,60.68,No
1285,Priya Das,Male,8,D,45,52,47,49,52,78.94,No
1286,Meera Gupta,Male,12,C,66,74,89,72,39,94.35,Yes
1287,Aditya Nair,Female,12,D,54,70,78,87,44,99.01,No
1288,Meera Iyer,Female,11,C,87,37,38,71,76,67.39,Yes
1289,Rahul Verma,Male,8,A,47,68,77,75,50,67.3,Yes
1290,Neha Reddy,Male,6,C,74,45,73,73,47,95.81,Yes
1291,Aditya Das,Male,11,C,69,41,52,43,47,97.96,Yes
1292,Meera Iyer,Male,9,C,86,48,68,55,66,63.28,Yes
1293,Rahul Gupta,Male,11,A,95,62,51,56,100,69.54,No
1294,Arjun Verma,Female,10,B,98,65,42,90,62,84.53,No
1295,Sneha Verma,Female,8,B,86,87,71,69,66,84.66,Yes
1296,Kiran Singh,Female,6,A,86,59,67,51,58,92.58,Yes
1297,Sneha Nair,Male,7,B,40,44,85,52,62,71.06,Yes
1298,Neha Sharma,Male,11,A,36,87,48,78,61,77.88,Yes
1299,Meera Kumar,Female,9,D,70,91,60,53,61,75.57,Yes
1300,Sneha Iyer,Female,8,D,41,67,35,90,94,66.34,Yes
1301,Ananya Verma,Female,7,D,49,71,53,71,70,67.08,Yes
1302,Ananya Verma,Male,10,D,79,73,63,92,60,87.54,No
1303,Ananya Das,Female,7,D,63,91,52,37,65,85.81,No
1304,Sneha Verma,Male,6,C,82,67,47,69,74,89.86,Yes
1305,Meera Gupta,Male,7,C,67,66,58,98,35,65.96,Yes
1306,Priya Verma,Female,10,C,35,96,59,58,48,89.3,No
1307,Aditya Singh,Male,11,D,80,47,83,95,60,95.61,No
1308,Arjun Kumar,Female,9,B,77,98,64,90,37,87.59,Yes
1309,Neha Nair,Male,9,A,61,94,87,44,48,87.24,No
1310,Rahul Patel,Male,7,C,47,39,67,36,87,64.81,No
1311,Neha Iyer,Male,6,C,65,50,46,67,65,61.77,No
1312,Vikram Nair,Male,12,D,62,87,77,47,46,80.15,Yes
1313,Neha Singh,Male,9,C,80,92,56,38,47,99.23,Yes
1314,Aditya Patel,Male,12,B,64,40,57,60,61,67.91,No
1315,Ananya Sharma,Female,7,B,39,50,61,81,73,93.39,No
1316,Rahul Reddy,Male,9,D,35,56,82,39,57,87.38,No
1317,Meera Reddy,Male,7,A,54,88,48,90,64,87.99,Yes
1318,Aditya Verma,Female,9,B,62,92,89,57,91,71.17,No
1319,Neha Patel,Male,7,D,72,83,94,46,49,91.86,Yes
1320,Arjun Patel,Male,10,D,85,52,41,58,64,91.96,Yes
1321,Arjun Verma,Male,7,A,78,46,68,68,77,81.96,Yes
1322,Arjun Das,Female,12,B,52,63,46,53,91,62.86,Yes
1323,Priya Iyer,Male,11,C,78,38,39,36,38,91.01,Yes
1324,Arjun Reddy,Female,7,A,45,59,96,47,91,91.35,No
1325,Arjun Gupta,Male,11,B,80,75,83,49,99,85.82,No
1326,Aditya Nair,Male,10,B,96,71,97,44,54,67.03,No
1327,Vikram Gupta,Male,8,D,95,40,99,90,94,61.05,Yes
1328,Arjun Singh,Male,9,C,78,46,81,70,54,76.21,Yes
1329,Sneha Das,Male,12,C,100,64,76,82,41,74.65,Yes
1330,Neha Das,Male,10,A,95,41,87,61,65,76.41,No
1331,Neha Kumar,Male,12,B,51,43,42,69,41,97.13,No
1332,Aditya Verma,Male,10,A,68,68,57,95,98,95.22,Yes
1333,Vikram Patel,Female,11,B,43,86,69,66,54,86.92,Yes
1334,Kiran Gupta,Female,11,B,74,87,73,55,37,69.71,No
1335,Rahul Kumar,Female,7,A,74,67,45,94,40,92.88,No
1336,Kiran Nair,Female,12,C,72,40,58,86,64,88.84,No
1337,Priya Verma,Male,8,B,37,45,95,83,74,76.45,No
1338,Aditya Verma,Male,12,B,48,82,65,99,57,93.22,No
1339,Priya Nair,Female,10,A,78,39,72,42,72,69.55,Yes
1340,Sneha Kumar,Male,12,C,75,50,85,63,53,92.24,Yes
1341,Meera Gupta,Female,10,D,50,41,60,65,46,85.23,Yes
1342,Ananya Patel,Male,9,C,63,40,87,39,44,98.25,No
1343,Priya Das,Male,9,D,36,36,58,61,38,99.89,Yes
1344,Neha Reddy,Female,12,D,49,51,36,66,83,73.35,No
1345,Aditya Singh,Male,11,D,35,62,85,82,79,65.36,Yes
1346,Meera Singh,Male,12,A,71,48,72,63,64,75.88,No
1347,Priya Sharma,Male,12,D,59,56,55,62,99,65.92,Yes
1348,Ananya Singh,Female,8,D,44,46,67,39,72,65.2,No
1349,Arjun Kumar,Male,12,C,65,98,85,89,90,98.65,Yes
1350,Vikram Reddy,Male,11,B,89,37,40,59,42,80.81,Yes
1351,Priya Das,Female,10,A,38,84,54,93,44,72.82,Yes
1352,Meera Nair,Male,8,C,80,41,90,100,58,77.45,Yes
1353,Ananya Iyer,Female,12,B,61,68,72,40,49,69.68,Yes
1354,Vikram Iyer,Male,8,C,65,96,52,87,40,68.48,No
1355,Neha Reddy,Male,6,C,92,37,41,99,82,99.73,Yes
1356,Aditya Singh,Male,6,D,67,56,86,88,83,94.78,No
1357,Vikram Gupta,Female,6,C,53,81,84,66,53,73.21,Yes
1358,Aditya Sharma,Female,10,B,57,59,48,58,63,71.78,Yes
1359,Kiran Das,Male,9,A,95,54,85,50,93,90.55,Yes
1360,Ananya Nair,Male,8,B,63,76,81,66,52,86.29,Yes
1361,Aditya Sharma,Female,9,A,53,90,78,38,53,76.25,No
1362,Vikram Nair,Female,11,C,46,83,83,79,87,85.21,Yes
1363,Arjun Verma,Female,12,D,47,53,59,75,78,99.22,Yes
1364,Aditya Patel,Female,9,B,65,74,100,69,40,94.19,Yes
1365,Ananya Patel,Male,6,D,85,84,43,42,49,93.35,No
1366,Vikram Patel,Male,6,B,77,38,41,43,83,81.11,No
1367,Meera Singh,Male,12,C,41,93,87,57,60,94.87,No
1368,Kiran Nair,Male,11,C,63,70,69,37,98,77.63,No
1369,Kiran Nair,Male,11,D,52,86,87,51,52,73.78,Yes
1370,Ananya Iyer,Female,6,B,43,68,37,85,68,62.69,Yes
1371,Sneha Patel,Female,7,A,51,75,80,56,60,73.79,No
1372,Meera Iyer,Male,9,A,61,56,48,45,55,60.02,Yes
1373,Sneha Das,Male,12,C,51,94,98,79,83,64.85,Yes
1374,Ananya Reddy,Female,8,C,41,56,76,41,53,94.56,No
1375,Vikram Sharma,Male,9,C,71,41,65,92,61,87.28,Yes
1376,Kiran Iyer,Male,7,D,98,100,56,58,44,60.56,Yes
1377,Meera Iyer,Male,6,B,68,88,56,78,97,91.38,No
1378,Sneha Das,Male,12,B,49,100,57,75,87,61.17,Yes
1379,Neha Iyer,Male,9,D,86,50,93,96,42,76.11,No
1380,Sneha Das,Male,12,A,81,35,83,53,45,86.36,Yes
1381,Rahul Patel,Female,8,B,46,85,81,36,77,81.56,No
1382,Meera Singh,Female,10,B,44,57,44,52,76,82.71,No
1383,Neha Sharma,Female,7,D,71,37,55,51,39,94.03,Yes
1384,Neha Patel,Female,11,C,99,72,51,73,78,93.85,Yes
1385,Meera Singh,Female,9,D,39,91,46,80,57,69.41,No
1386,Ananya Das,Female,7,B,38,92,70,83,44,98.54,Yes
1387,Ananya Iyer,Female,9,B,90,99,98,54,51,72.8,Yes
1388,Ananya Sharma,Female,11,A,86,58,65,82,41,87.82,Yes
1389,Priya Das,Female,11,C,93,39,38,50,56,71.18,Yes
1390,Priya Kumar,Female,8,B,85,93,85,60,52,74.12,No
1391,Rahul Patel,Male,11,C,85,63,59,48,78,76.2,No
1392,Meera Kumar,Male,10,C,96,57,78,84,56,98.75,Yes
1393,Kiran Gupta,Male,12,B,78,82,48,63,99,64.25,No
1394,Priya Kumar,Male,11,D,68,84,76,37,76,90.24,No
1395,Aditya Patel,Male,7,C,50,100,44,49,96,83.96,Yes
1396,Arjun Patel,Female,10,B,69,39,46,81,61,75.78,Yes
1397,Priya Singh,Female,6,C,76,60,48,62,57,74.64,Yes
1398,Kiran Iyer,Male,7,D,92,75,40,37,69,98.11,Yes
1399,Meera Singh,Male,6,C,57,93,84,50,95,82.46,Yes
1400,Ananya Sharma,Female,8,B,65,100,79,86,55,95.61,No
1401,Vikram Das,Female,6,C,99,88,92,91,70,71.95,Yes
1402,Rahul Iyer,Female,10,C,70,78,89,81,75,91.5,No
1403,Rahul Verma,Male,8,A,45,89,77,38,52,97.3,Yes
1404,Arjun Sharma,Male,12,C,82,64,64,44,65,65.25,Yes
1405,Priya Kumar,Male,7,A,76,78,96,39,61,85.34,No
1406,Vikram Nair,Male,8,C,71,84,84,97,53,79.98,Yes
1407,Kiran Iyer,Female,11,C,87,54,35,51,81,93.84,Yes
1408,Priya Singh,Male,6,B,57,48,52,59,43,65.05,Yes
1409,Arjun Singh,Male,6,D,36,46,66,88,68,79.58,Yes
1410,Vikram Iyer,Female,6,B,95,86,46,93,57,91.48,No
1411,Ananya Iyer,Female,8,C,69,96,52,83,54,94.51,Yes
1412,Priya Nair,Male,10,D,83,65,48,85,41,81.97,Yes
1413,Ananya Reddy,Female,7,A,93,62,60,91,62,97.03,Yes
1414,Arjun Kumar,Male,7,B,62,87,56,47,89,91.98,Yes
1415,Aditya Patel,Male,7,B,76,81,66,61,75,82.24,No
1416,Aditya Das,Male,9,D,98,63,55,85,72,69.89,Yes
1417,Neha Kumar,Female,12,C,98,49,58,92,91,60.11,Yes
1418,Ananya Reddy,Male,6,C,66,94,98,49,62,79.61,No
1419,Rahul Gupta,Male,7,B,38,47,52,81,85,89.17,Yes
1420,Vikram Patel,Male,6,A,68,97,94,99,99,94.54,No
1421,Priya Patel,Female,11,C,58,65,85,42,40,68.08,No
1422,Aditya Patel,Female,11,A,76,49,93,43,79,93.41,Yes
1423,Sneha Gupta,Male,6,B,56,79,38,46,73,67.95,No
1424,Vikram Patel,Male,10,B,35,88,95,45,61,87.47,No
1425,Meera Gupta,Male,7,D,41,54,54,49,61,66.3,No
1426,Kiran Iyer,Male,6,A,46,49,49,83,86,64.18,Yes
1427,Arjun Reddy,Male,9,B,78,91,66,60,62,61.48,Yes
1428,Kiran Das,Female,7,A,57,93,73,48,54,90.57,No
1429,Rahul Reddy,Male,8,A,85,52,78,36,76,99.28,Yes
1430,Neha Singh,Female,7,A,59,81,79,83,43,92.42,Yes
1431,Sneha Gupta,Female,7,D,37,47,64,93,50,65.68,Yes
1432,Kiran Kumar,Female,10,C,84,74,51,62,38,70.37,Yes
1433,Rahul Sharma,Male,9,A,89,50,81,55,96,69.23,No
1434,Aditya Sharma,Male,10,A,91,45,90,89,37,76.49,Yes
1435,Rahul Singh,Male,8,C,68,55,35,63,71,61.3,Yes
1436,Meera Sharma,Female,9,D,92,82,89,74,43,74.84,No
1437,Priya Singh,Female,12,B,66,67,96,48,52,93.47,No
1438,Ananya Das,Male,6,A,42,50,100,50,39,68.29,No
1439,Vikram Patel,Male,9,D,70,46,97,55,89,80.65,Yes
1440,Vikram Reddy,Female,9,A,53,38,48,78,42,78.54,Yes
1441,Vikram Sharma,Female,9,A,66,41,94,64,77,63.19,Yes
1442,Aditya Kumar,Female,9,C,60,86,57,49,60,60.99,No
1443,Rahul Kumar,Female,9,D,89,67,98,38,61,64.82,Yes
1444,Priya Patel,Male,10,D,55,91,67,90,85,77.47,Yes
1445,Meera Kumar,Male,10,B,52,95,37,39,42,99.19,No
1446,Kiran Das,Male,8,C,38,43,49,41,92,83.54,No
1447,Meera Singh,Male,6,C,65,43,69,35,75,69.97,Yes
1448,Priya Nair,Male,8,A,73,98,85,98,63,85.92,Yes
1449,Ananya Gupta,Female,11,A,88,83,72,48,87,96.32,Yes
1450,Rahul Patel,Female,8,A,97,96,69,66,64,93.24,No
1451,Kiran Nair,Male,11,C,49,92,36,43,68,66.61,No
1452,Rahul Sharma,Male,9,A,100,93,56,48,46,76.43,Yes
1453,Arjun Singh,Male,12,A,65,82,100,99,92,96.03,Yes
1454,Meera Iyer,Male,11,C,100,38,44,86,68,72.16,Yes
1455,Rahul Reddy,Female,8,B,91,99,82,91,36,81.56,Yes
1456,Arjun Singh,Male,9,D,75,95,46,58,59,75.21,Yes
1457,Aditya Gupta,Female,6,A,55,100,98,69,56,84.0,No
1458,Vikram Verma,Male,9,D,96,41,69,40,80,69.17,Yes
1459,Aditya Reddy,Female,6,C,89,40,98,66,57,79.5,Yes
1460,Priya Das,Female,6,D,85,58,72,40,88,88.08,No
1461,Neha Das,Female,10,B,68,89,38,69,92,80.47,Yes
1462,Meera Iyer,Male,7,C,48,84,53,55,80,83.2,Yes
1463,Kiran Singh,Male,6,B,69,86,99,64,40,95.21,Yes
1464,Aditya Das,Female,7,D,43,89,37,43,46,72.0,Yes
1465,Meera Gupta,Male,8,B,61,87,48,64,62,79.0,No
1466,Arjun Kumar,Male,7,A,67,76,100,47,86,73.3,Yes
1467,Rahul Kumar,Female,12,C,98,53,68,50,47,77.16,Yes
1468,Sneha Singh,Female,6,D,86,43,95,96,43,90.9,Yes
1469,Aditya Gupta,Male,10,A,86,94,53,47,69,63.18,No
1470,Kiran Verma,Male,12,B,76,58,85,83,68,81.84,Yes
1471,Neha Das,Female,8,D,74,46,76,78,68,99.16,Yes
1472,Meera Reddy,Male,11,B,42,96,81,66,83,95.57,Yes
1473,Priya Reddy,Male,9,A,89,42,64,85,61,76.85,Yes
1474,Kiran Nair,Male,10,C,76,82,42,83,97,60.31,Yes
1475,Neha Gupta,Female,12,B,73,67,57,41,72,96.82,No
1476,Aditya Verma,Female,9,D,87,41,76,90,68,66.47,No
1477,Priya Das,Female,9,D,78,38,92,74,75,98.59,Yes
1478,Vikram Gupta,Male,9,B,66,82,68,86,83,91.33,Yes
1479,Kiran Kumar,Female,6,A,85,77,79,64,41,60.37,No
1480,Rahul Nair,Male,7,B,72,58,92,89,96,87.76,No
1481,Aditya Das,Male,12,C,43,84,38,48,45,67.08,Yes
1482,Meera Kumar,Female,10,D,42,35,36,48,95,83.55,No
1483,Ananya Iyer,Male,7,A,57,80,91,36,69,77.84,No
1484,Aditya Nair,Female,6,B,49,56,41,61,67,69.15,No
1485,Priya Patel,Female,8,D,41,94,79,56,82,99.34,Yes
1486,Aditya Nair,Male,11,B,99,76,67,81,69,61.89,No
1487,Aditya Singh,Female,8,D,78,53,60,44,49,65.6,Yes
1488,Rahul Iyer,Female,12,D,45,92,91,85,61,69.72,No
1489,Rahul Iyer,Male,6,B,83,56,44,95,80,88.57,Yes
1490,Meera Gupta,Female,7,A,67,77,59,39,84,84.36,Yes
1491,Priya Verma,Male,8,B,77,64,74,36,39,94.31,Yes
1492,Vikram Reddy,Female,9,D,99,71,100,43,89,73.81,Yes
1493,Aditya Singh,Female,11,C,68,68,89,41,61,92.78,No
1494,Meera Iyer,Male,9,A,36,76,65,50,53,81.47,No
1495,Vikram Das,Female,10,B,42,74,75,96,52,93.5,Yes
1496,Aditya Iyer,Male,8,D,64,39,46,83,67,67.0,Yes
1497,Sneha Verma,Male,10,D,55,65,65,48,54,99.03,No
1498,Arjun Das,Male,10,B,57,100,41,62,56,65.83,Yes
1499,Meera Sharma,Male,7,B,35,37,43,84,94,77.36,Yes
1500,Arjun Sharma,Female,11,D,50,36,45,72,59,74.91,Yes
1501,Aditya Sharma,Male,10,C,75,66,45,100,41,91.45,No
1502,Kiran Verma,Male,7,C,74,87,75,47,39,60.15,Yes
1503,Ananya Das,Male,6,C,70,77,83,91,44,73.26,Yes
1504,Kiran Das,Female,9,C,46,44,36,85,82,71.96,Yes
1505,Meera Patel,Female,6,D,76,47,86,69,95,61.68,Yes
1506,Priya Verma,Male,9,D,60,72,53,83,86,66.37,No
1507,Arjun Verma,Male,10,D,50,95,97,44,81,61.23,No
1508,Rahul Kumar,Female,12,A,93,83,37,65,51,60.89,Yes
1509,Rahul Das,Female,9,B,83,36,73,45,35,90.44,No
1510,Rahul Reddy,Female,8,C,100,75,50,93,97,78.28,Yes
1511,Rahul Iyer,Female,9,B,44,47,53,70,46,84.34,No
1512,Rahul Das,Female,7,B,53,96,77,100,44,77.97,No
1513,Priya Singh,Male,6,C,72,82,97,40,75,77.4,Yes
1514,Arjun Gupta,Male,7,C,98,35,37,41,43,85.28,Yes
1515,Priya Das,Female,6,D,56,62,52,70,95,99.68,Yes
1516,Vikram Gupta,Female,11,C,35,42,46,97,58,66.44,No
1517,Ananya Patel,Male,7,D,44,84,82,35,96,62.64,No
1518,Vikram Sharma,Male,6,C,35,57,94,48,46,72.6,No
1519,Meera Sharma,Female,7,D,41,52,60,40,39,78.5,No
1520,Neha Kumar,Male,6,D,67,46,99,74,76,87.97,Yes
1521,Rahul Gupta,Female,9,B,87,79,51,67,70,98.26,Yes
1522,Kiran Reddy,Male,9,B,74,45,62,44,39,70.31,Yes
1523,Rahul Kumar,Female,7,B,43,94,72,62,81,77.51,Yes
1524,Priya Nair,Female,10,A,86,69,90,39,89,77.91,Yes
1525,Aditya Singh,Male,10,C,57,75,64,83,73,76.24,Yes
1526,Vikram Sharma,Female,8,A,92,91,70,41,85,74.4,No
1527,Priya Reddy,Female,9,B,61,58,36,39,77,96.09,No
1528,Meera Sharma,Female,11,C,38,48,64,47,45,99.87,No
1529,Vikram Das,Male,10,A,53,77,72,91,84,62.16,Yes
1530,Rahul Sharma,Female,11,C,64,75,69,45,57,99.93,Yes
1531,Rahul Nair,Female,8,C,42,36,55,88,41,63.16,Yes
1532,Priya Patel,Male,8,C,91,78,39,91,71,61.75,No
1533,Meera Iyer,Male,12,B,94,41,80,81,38,96.54,Yes
1534,Arjun Sharma,Female,8,B,73,36,61,50,35,71.1,Yes
1535,Arjun Patel,Female,6,C,43,44,73,47,63,99.62,No
1536,Neha Gupta,Male,10,C,79,66,82,78,53,61.83,No
1537,Meera Sharma,Male,9,D,36,37,85,89,42,62.95,No
1538,Ananya Iyer,Female,6,B,96,99,69,51,62,86.49,No
1539,Aditya Gupta,Female,12,B,37,35,85,97,93,75.08,Yes
1540,Priya Kumar,Male,7,B,79,36,44,98,62,99.41,No
1541,Aditya Nair,Female,7,C,48,93,67,58,42,85.11,Yes
1542,Sneha Patel,Female,8,A,43,36,39,40,88,93.56,Yes
1543,Priya Patel,Male,11,D,100,67,66,36,54,95.46,Yes
1544,Meera Das,Female,9,B,52,35,71,77,93,73.36,No
1545,Priya Gupta,Male,6,B,89,74,56,85,40,69.24,Yes
1546,Kiran Nair,Male,11,B,93,82,80,58,44,70.23,No
1547,Arjun Gupta,Male,6,D,49,46,79,55,63,88.55,Yes
1548,Rahul Patel,Female,11,B,47,56,43,80,50,80.89,No
1549,Arjun Kumar,Male,9,A,49,99,90,62,82,73.29,Yes
1550,Neha Kumar,Female,11,D,56,47,83,40,41,90.02,No
1551,Sneha Iyer,Male,6,D,54,100,96,57,100,71.04,No
1552,Arjun Reddy,Male,7,D,55,35,41,57,62,84.6,Yes
1553,Sneha Nair,Male,6,C,46,70,70,97,70,86.19,Yes
1554,Vikram Reddy,Male,9,C,60,36,51,36,51,61.44,Yes
1555,Arjun Singh,Male,7,B,51,91,98,80,51,87.82,Yes
1556,Sneha Kumar,Male,6,B,99,46,88,77,41,76.29,No
1557,Sneha Sharma,Male,8,B,91,93,93,80,85,96.12,Yes
1558,Neha Verma,Male,7,A,37,55,46,88,44,78.79,No
1559,Neha Sharma,Male,10,B,50,38,68,66,70,62.68,No
1560,Kiran Nair,Male,10,A,60,50,88,97,36,80.04,No
1561,Kiran Verma,Female,12,D,85,93,40,84,64,88.02,Yes
1562,Meera Gupta,Female,8,C,42,73,71,67,73,86.24,No
1563,Kiran Das,Male,11,C,59,63,88,79,36,72.09,No
1564,Rahul Iyer,Male,7,B,84,52,90,50,46,71.82,Yes
1565,Aditya Patel,Female,11,B,78,76,69,54,47,87.17,Yes
1566,Vikram Iyer,Male,11,D,53,65,74,45,83,70.55,Yes
1567,Vikram Kumar,Male,7,C,93,58,81,42,81,81.27,Yes
1568,Sneha Singh,Male,12,A,65,44,45,81,98,76.23,No
1569,Aditya Kumar,Female,12,D,69,98,77,93,86,83.47,No
1570,Priya Patel,Female,7,D,82,95,69,85,84,97.25,No
1571,Meera Das,Male,8,B,45,57,78,71,82,60.89,Yes
1572,Neha Kumar,Female,10,A,78,58,86,53,76,91.46,No
1573,Neha Das,Female,8,D,58,49,65,36,93,94.8,No
1574,Rahul Patel,Female,12,A,69,58,84,50,71,62.11,No
1575,Vikram Gupta,Male,7,B,88,49,73,75,74,68.54,Yes
1576,Ananya Gupta,Female,7,D,63,48,37,38,50,79.83,No
1577,Rahul Nair,Male,6,C,92,46,70,75,55,68.36,No
1578,Rahul Das,Female,8,C,98,41,49,98,59,85.71,Yes
1579,Arjun Verma,Female,12,C,53,63,91,94,92,65.28,No
1580,Kiran Kumar,Female,7,B,94,35,49,70,42,85.83,Yes
1581,Priya Nair,Female,10,A,38,82,76,40,39,61.01,Yes
1582,Ananya Nair,Male,6,C,58,75,94,59,50,77.02,No
1583,Sneha Gupta,Male,12,B,85,46,98,56,39,67.94,Yes
1584,Kiran Gupta,Female,8,B,85,57,38,58,97,91.36,No
1585,Rahul Kumar,Female,12,B,65,53,56,54,91,69.07,Yes
1586,Vikram Gupta,Male,6,C,81,95,63,80,63,65.17,No
1587,Kiran Reddy,Female,6,D,85,46,41,93,40,80.46,No
1588,Neha Iyer,Male,12,B,60,83,39,47,36,79.66,Yes
1589,Kiran Reddy,Female,11,B,58,46,98,90,68,81.37,No
1590,Kiran Iyer,Male,8,D,68,51,53,61,62,99.29,Yes
1591,Rahul Nair,Male,11,A,72,67,54,79,54,88.69,Yes
1592,Rahul Kumar,Female,6,D,58,78,62,82,41,96.01,Yes
1593,Ananya Patel,Male,12,A,42,69,85,97,70,64.18,Yes
1594,Arjun Iyer,Female,7,C,50,76,54,36,44,68.79,No
1595,Rahul Das,Male,10,C,86,64,95,81,84,62.53,No
1596,Ananya Sharma,Female,8,C,44,57,43,82,46,77.12,No
1597,Meera Reddy,Female,8,D,69,37,46,83,62,83.64,No
1598,Vikram Iyer,Female,12,B,42,96,35,52,37,70.14,No
1599,Rahul Sharma,Male,10,D,47,52,46,54,74,62.93,Yes
1600,Neha Patel,Female,10,D,94,93,86,39,95,68.62,Yes
1601,Kiran Iyer,Female,7,A,58,51,91,84,38,78.42,No
1602,Neha Verma,Female,11,D,80,65,61,74,60,64.61,Yes
1603,Kiran Kumar,Female,7,A,100,77,58,64,50,65.79,Yes
1604,Meera Gupta,Male,8,A,79,97,83,69,71,82.52,No
1605,Aditya Iyer,Male,11,A,35,52,88,94,85,72.25,No
1606,Ananya Das,Female,10,D,92,74,46,88,60,75.43,No
1607,Kiran Sharma,Female,12,C,39,37,87,66,80,72.59,Yes
1608,Ananya Patel,Male,10,D,69,89,58,94,91,63.16,No
1609,Rahul Gupta,Female,7,C,61,41,82,94,36,67.17,No
1610,Meera Nair,Male,9,D,61,89,73,65,45,94.13,No
1611,Vikram Gupta,Female,10,D,79,71,87,90,66,71.94,No
1612,Aditya Singh,Male,8,C,44,74,50,85,66,90.12,Yes
1613,Aditya Singh,Female,8,B,69,87,68,37,56,65.84,Yes
1614,Neha Kumar,Female,7,D,62,69,47,66,55,64.14,Yes
1615,Neha Iyer,Male,6,B,49,96,40,96,76,72.05,No
1616,Sneha Singh,Female,8,C,95,51,51,39,66,60.41,No
1617,Aditya Gupta,Female,12,C,83,43,53,63,41,92.92,Yes
1618,Priya Reddy,Male,12,A,61,94,77,85,80,81.15,No
1619,Sneha Kumar,Female,11,D,35,90,45,62,43,70.44,No
1620,Vikram Singh,Male,8,C,85,84,63,45,44,68.91,No
1621,Arjun Patel,Female,7,B,87,55,52,39,66,67.8,No
1622,Aditya Nair,Female,9,B,48,37,73,64,92,88.57,No
1623,Vikram Das,Male,6,C,53,70,83,41,54,95.44,Yes
1624,Ananya Iyer,Female,6,D,68,59,39,73,61,93.66,Yes
1625,Rahul Patel,Female,6,B,55,70,89,85,78,67.25,No
1626,Rahul Patel,Male,7,B,64,36,52,37,52,73.21,Yes
1627,Sneha Patel,Male,7,A,63,60,67,87,94,77.64,Yes
1628,Kiran Iyer,Female,12,A,91,89,53,96,79,90.04,No
1629,Sneha Sharma,Male,8,C,61,42,45,57,64,89.39,No
1630,Ananya Nair,Male,6,B,69,51,40,51,72,78.34,Yes
1631,Meera Iyer,Male,7,B,72,41,82,42,91,92.57,No
1632,Aditya Verma,Female,11,A,95,98,76,68,87,64.23,Yes
1633,Aditya Sharma,Female,8,B,91,54,95,53,78,80.23,Yes
1634,Rahul Nair,Female,10,A,78,84,85,71,67,96.59,Yes
1635,Sneha Iyer,Male,11,B,92,44,58,47,51,63.38,Yes
1636,Meera Verma,Female,10,A,65,79,88,41,44,78.18,Yes
1637,Ananya Singh,Male,12,B,54,80,48,67,80,67.13,No
1638,Meera Iyer,Male,7,B,53,98,84,67,66,68.81,No
1639,Rahul Nair,Male,8,C,54,53,49,83,57,75.08,No
1640,Aditya Gupta,Female,12,B,59,35,60,60,72,71.78,No
1641,Arjun Singh,Female,10,C,36,69,94,37,56,60.41,No
1642,Neha Das,Female,6,C,59,92,98,67,58,75.89,Yes
1643,Rahul Gupta,Female,9,B,69,58,92,98,95,72.76,Yes
1644,Rahul Kumar,Male,6,D,45,86,79,45,53,92.38,Yes
1645,Arjun Kumar,Male,7,C,49,44,76,87,62,61.68,No
1646,Priya Gupta,Female,7,D,66,94,54,87,57,93.07,No
1647,Rahul Sharma,Female,9,A,77,68,100,38,78,63.88,Yes
1648,Meera Patel,Male,6,C,63,55,43,45,57,94.02,Yes
1649,Rahul Reddy,Female,11,C,100,49,82,54,90,81.74,No
1650,Kiran Singh,Male,6,A,76,68,42,84,74,99.55,Yes
1651,Arjun Sharma,Female,7,D,91,96,66,75,76,91.04,No
1652,Kiran Singh,Female,11,C,50,90,51,62,72,86.34,Yes
1653,Neha Nair,Female,12,B,57,44,59,58,37,72.23,Yes
1654,Arjun Singh,Male,10,C,62,49,71,97,100,96.68,Yes
1655,Meera Iyer,Female,7,D,70,47,55,100,60,64.44,Yes
1656,Arjun Patel,Female,9,D,37,56,35,42,35,73.91,Yes
1657,Rahul Verma,Female,7,D,59,47,35,76,40,73.07,Yes
1658,Aditya Patel,Male,10,A,80,55,88,56,42,62.39,No
1659,Vikram Das,Male,12,D,90,66,64,57,61,95.28,No
1660,Sneha Patel,Female,9,A,99,78,49,86,57,75.91,Yes
1661,Sneha Das,Female,12,A,35,44,59,54,99,91.64,Yes
1662,Sneha Gupta,Male,6,B,79,58,94,43,96,73.01,Yes
1663,Kiran Iyer,Female,9,A,40,89,82,56,35,85.39,Yes
1664,Aditya Patel,Male,10,B,94,91,87,49,93,96.73,Yes
1665,Priya Gupta,Female,10,B,73,79,98,57,37,99.63,Yes
1666,Kiran Das,Female,11,D,84,56,80,47,52,72.95,Yes
1667,Aditya Gupta,Male,8,C,63,69,90,36,91,89.53,Yes
1668,Neha Gupta,Male,9,C,95,53,87,89,73,62.52,No
1669,Neha Gupta,Female,9,A,35,93,74,98,67,82.37,No
1670,Kiran Singh,Male,10,B,99,73,49,87,94,69.7,No
1671,Vikram Kumar,Male,9,A,83,72,38,68,72,72.64,Yes
1672,Vikram Das,Male,8,B,50,39,55,86,52,98.45,Yes
1673,Kiran Das,Female,10,A,37,57,69,67,80,80.8,Yes
1674,Arjun Verma,Male,12,A,77,96,74,65,95,70.48,Yes
1675,Vikram Kumar,Female,12,B,36,54,92,82,36,61.89,Yes
1676,Arjun Kumar,Female,12,D,48,80,61,37,80,75.5,Yes
1677,Vikram Singh,Male,12,D,72,90,92,41,99,90.45,Yes
1678,Meera Verma,Female,7,D,39,38,49,61,89,74.89,Yes
1679,Arjun Patel,Female,8,C,67,51,40,85,96,70.97,No
1680,Kiran Verma,Female,12,C,56,73,39,83,53,91.5,Yes
1681,Meera Kumar,Female,10,D,96,52,75,89,57,67.37,Yes
1682,Meera Gupta,Male,8,B,62,72,91,38,68,79.96,No
1683,Kiran Singh,Female,11,C,82,63,90,76,56,63.86,Yes
1684,Vikram Patel,Female,6,D,45,52,71,77,79,68.73,Yes
1685,Neha Sharma,Male,11,B,85,51,58,46,43,97.17,No
1686,Sneha Nair,Female,9,B,89,69,66,79,76,88.49,No
1687,Vikram Kumar,Male,7,C,56,79,52,75,47,76.24,No
1688,Ananya Kumar,Male,9,A,42,78,41,41,81,72.34,Yes
1689,Aditya Iyer,Female,8,C,95,64,81,62,80,90.9,No
1690,Ananya Verma,Female,6,D,50,80,73,93,60,70.4,Yes
1691,Arjun Kumar,Male,9,A,63,59,50,62,88,63.33,Yes
1692,Sneha Patel,Male,9,A,100,95,99,57,43,74.11,Yes
1693,Ananya Verma,Female,7,A,71,90,58,75,43,72.54,Yes
1694,Ananya Singh,Female,8,B,76,63,96,100,41,64.06,Yes
1695,Priya Das,Female,7,C,70,83,98,46,96,77.71,No
1696,Rahul Gupta,Female,10,A,74,63,61,85,52,83.51,No
1697,Kiran Das,Female,8,A,38,39,49,41,78,79.19,Yes
1698,Vikram Patel,Female,7,A,45,87,72,71,56,86.02,No
1699,Aditya Verma,Female,10,D,82,91,56,82,97,73.14,No
1700,Vikram Nair,Male,12,A,57,53,44,91,94,89.25,Yes
1701,Rahul Singh,Male,11,D,45,94,36,77,73,96.64,No
1702,Priya Reddy,Female,12,B,89,98,55,85,48,63.32,Yes
1703,Arjun Patel,Female,12,D,49,45,66,97,45,71.0,No
1704,Neha Sharma,Male,11,B,48,91,94,41,82,72.62,No
1705,Kiran Gupta,Male,7,C,46,75,99,37,94,98.45,Yes
1706,Priya Patel,Male,11,D,37,50,50,65,45,60.42,Yes
1707,Neha Iyer,Female,7,C,79,50,66,89,40,82.96,No
1708,Vikram Reddy,Male,6,C,76,42,52,73,62,88.59,Yes
1709,Kiran Reddy,Female,11,D,61,83,86,52,91,63.15,No
1710,Vikram Gupta,Female,10,B,61,80,65,42,35,85.07,No
1711,Kiran Reddy,Female,11,C,92,66,46,77,84,92.82,Yes
1712,Neha Iyer,Male,8,C,49,47,83,72,66,75.72,Yes
1713,Rahul Verma,Male,9,D,58,93,38,55,88,99.87,No
1714,Kiran Sharma,Female,7,C,57,45,83,67,67,62.75,No
1715,Meera Sharma,Male,10,D,76,61,77,73,87,93.13,Yes
1716,Priya Reddy,Male,7,A,52,97,62,36,68,65.71,No
1717,Sneha Das,Male,12,A,68,68,69,93,49,81.15,Yes
1718,Neha Kumar,Male,6,D,40,88,98,86,68,87.81,Yes
1719,Neha Nair,Male,10,C,100,93,69,75,79,64.48,Yes
1720,Priya Verma,Female,7,D,50,93,69,60,37,85.67,No
1721,Vikram Verma,Male,12,A,84,69,39,60,74,97.88,Yes
1722,Vikram Iyer,Male,10,D,91,80,100,63,64,68.58,No
1723,Ananya Iyer,Male,12,C,47,64,36,36,49,97.68,No
1724,Sneha Verma,Female,6,B,51,85,52,79,68,91.5,Yes
1725,Aditya Reddy,Male,12,B,45,39,80,92,94,65.36,No
1726,Aditya Reddy,Male,6,D,69,47,62,55,69,74.85,Yes
1727,Vikram Reddy,Male,10,D,74,47,53,53,70,81.76,No
1728,Arjun Gupta,Female,7,D,67,87,61,58,57,74.93,No
1729,Aditya Nair,Male,8,A,68,62,57,88,47,64.32,Yes
1730,Arjun Patel,Female,9,D,47,83,62,41,95,60.48,No
1731,Ananya Nair,Male,7,A,39,77,65,85,88,88.86,Yes
1732,Neha Kumar,Male,9,A,36,78,94,95,75,61.2,Yes
1733,Ananya Patel,Male,8,A,38,94,62,94,46,67.58,Yes
1734,Ananya Nair,Male,6,A,61,83,40,100,95,95.38,No
1735,Ananya Nair,Male,6,A,67,75,70,87,49,99.95,Yes
1736,Neha Nair,Male,9,A,93,67,74,66,87,62.15,Yes
1737,Sneha Singh,Female,12,B,58,81,53,46,85,60.62,No
1738,Rahul Patel,Female,12,A,53,37,69,74,92,91.91,No
1739,Rahul Das,Male,7,B,88,80,75,47,63,96.92,No
1740,Kiran Reddy,Female,10,C,38,52,69,79,80,83.37,No
1741,Meera Das,Male,7,A,48,49,75,46,56,92.22,No
1742,Aditya Gupta,Female,8,D,89,100,88,51,62,78.54,Yes
1743,Arjun Verma,Female,8,D,68,38,100,64,91,92.83,Yes
1744,Neha Reddy,Male,9,C,51,45,90,73,40,62.01,Yes
1745,Kiran Gupta,Male,12,B,76,64,70,69,100,77.48,No
1746,Arjun Verma,Male,6,B,87,75,70,90,58,65.92,Yes
1747,Rahul Reddy,Male,7,D,53,36,80,77,35,95.15,Yes
1748,Arjun Sharma,Male,6,D,66,72,86,93,65,83.75,Yes
1749,Arjun Verma,Male,6,C,50,86,35,37,46,75.38,Yes
1750,Sneha Nair,Female,7,D,93,40,84,36,78,72.01,Yes
1751,Vikram Das,Female,8,D,66,40,41,37,100,71.09,Yes
1752,Sneha Das,Male,6,B,92,45,47,45,75,63.7,No
1753,Aditya Kumar,Male,12,C,54,37,59,68,36,62.74,Yes
1754,Priya Patel,Female,9,D,38,92,76,83,67,71.34,No
1755,Kiran Das,Female,7,A,47,42,52,69,37,92.4,Yes
1756,Vikram Nair,Male,11,B,100,92,71,35,54,98.44,No
1757,Rahul Sharma,Female,10,A,98,68,76,52,94,69.1,No
1758,Sneha Das,Female,7,B,79,93,37,36,72,63.49,Yes
1759,Vikram Nair,Female,6,A,88,43,57,76,79,82.58,No
1760,Kiran Reddy,Male,6,D,57,63,42,68,89,76.34,Yes
1761,Meera Nair,Male,10,B,93,46,38,46,57,68.02,Yes
1762,Neha Das,Male,8,A,51,38,68,82,36,79.91,No
1763,Kiran Kumar,Male,12,C,74,83,40,74,57,95.75,No
1764,Kiran Patel,Female,9,A,48,46,77,65,35,74.64,Yes
1765,Aditya Iyer,Male,8,B,79,88,45,97,87,81.39,Yes
1766,Priya Reddy,Male,12,D,58,85,92,35,100,75.68,No
1767,Kiran Kumar,Female,7,B,70,44,91,87,91,80.43,No
1768,Neha Singh,Female,9,A,55,42,61,81,36,61.46,Yes
1769,Vikram Singh,Female,8,B,51,65,75,69,61,72.3,No
1770,Kiran Das,Male,6,B,46,78,90,67,80,66.55,No
1771,Neha Nair,Male,9,C,71,46,50,47,98,90.96,Yes
1772,Vikram Nair,Female,7,A,89,64,74,63,78,87.09,No
1773,Vikram Verma,Male,11,A,70,88,37,86,86,70.39,Yes
1774,Priya Reddy,Male,6,B,46,55,82,74,60,86.26,No
1775,Meera Nair,Male,12,A,50,86,41,74,89,60.17,Yes
1776,Ananya Nair,Male,11,D,41,42,60,55,42,99.98,Yes
1777,Meera Gupta,Female,10,A,45,46,70,39,36,68.39,No
1778,Meera Patel,Male,12,D,47,94,88,40,48,95.39,No
1779,Rahul Kumar,Male,11,C,47,71,94,77,81,96.85,Yes
1780,Meera Patel,Female,8,B,78,56,50,37,95,96.9,No
1781,Vikram Sharma,Female,7,D,42,64,94,49,88,64.23,Yes
1782,Vikram Verma,Male,12,D,54,51,60,84,67,79.24,Yes
1783,Vikram Patel,Female,8,B,40,92,88,48,35,67.28,No
1784,Vikram Sharma,Female,12,C,94,99,39,36,56,86.05,No
1785,Sneha Nair,Male,9,B,55,50,85,39,84,84.1,No
1786,Vikram Kumar,Female,8,D,95,37,84,91,80,62.65,Yes
1787,Sneha Gupta,Female,11,B,46,76,42,49,87,95.79,Yes
1788,Kiran Reddy,Male,9,A,62,60,81,40,68,95.71,Yes
1789,Aditya Patel,Male,10,B,52,71,72,99,43,68.82,Yes
1790,Aditya Reddy,Female,10,A,36,75,64,40,53,64.04,Yes
1791,Kiran Iyer,Female,12,D,72,86,66,64,77,69.31,Yes
1792,Meera Sharma,Female,6,A,70,98,88,68,54,79.62,No
1793,Meera Kumar,Female,7,C,76,49,52,44,92,96.3,No
1794,Meera Nair,Male,10,C,98,99,47,78,81,70.38,No
1795,Arjun Gupta,Female,7,B,84,37,54,72,72,77.41,No
1796,Aditya Das,Female,9,B,39,80,43,91,48,61.09,Yes
1797,Arjun Verma,Female,6,C,84,68,96,64,96,86.58,Yes
1798,Sneha Reddy,Female,8,C,64,37,58,91,72,92.85,No
1799,Vikram Kumar,Female,11,B,84,41,55,57,77,70.38,No
1800,Vikram Das,Male,9,B,73,40,92,88,89,70.03,Yes
1801,Ananya Das,Male,7,D,43,61,78,61,86,79.04,Yes
1802,Priya Gupta,Male,7,D,99,95,41,87,38,91.89,No
1803,Neha Patel,Male,6,C,82,65,68,35,79,91.53,Yes
1804,Ananya Patel,Female,11,A,76,92,89,67,36,72.57,No
1805,Kiran Iyer,Male,11,D,99,94,98,78,79,70.19,No
1806,Meera Gupta,Male,7,C,53,58,96,61,86,89.98,Yes
1807,Ananya Patel,Male,6,B,57,53,96,48,48,90.46,No
1808,Priya Iyer,Female,10,A,97,48,89,56,42,91.18,Yes
1809,Neha Verma,Female,6,C,69,86,64,39,82,67.03,Yes
1810,Kiran Gupta,Male,7,B,58,38,58,87,36,63.83,No
1811,Rahul Das,Female,9,A,42,89,38,44,92,78.58,Yes
1812,Sneha Reddy,Female,7,D,40,78,36,39,72,83.33,Yes
1813,Rahul Das,Female,7,C,70,83,63,49,91,66.4,No
1814,Ananya Das,Male,10,A,63,39,85,76,68,62.43,No
1815,Neha Gupta,Female,6,B,63,51,94,55,98,67.21,Yes
1816,Rahul Gupta,Male,12,D,63,79,41,73,89,62.38,No
1817,Kiran Iyer,Female,11,C,56,93,56,73,80,99.09,No
1818,Aditya Gupta,Female,6,D,35,99,90,73,35,76.75,No
1819,Priya Das,Male,7,A,36,48,56,40,56,67.45,Yes
1820,Priya Singh,Male,10,A,70,68,39,63,57,95.95,No
1821,Sneha Patel,Male,7,A,56,66,80,43,40,66.16,No
1822,Priya Kumar,Male,6,B,78,71,77,39,63,94.21,No
1823,Sneha Gupta,Male,12,B,59,55,72,66,85,96.77,No
1824,Rahul Sharma,Male,8,B,50,51,69,69,46,66.47,Yes
1825,Ananya Kumar,Female,8,B,42,50,53,66,98,76.06,Yes
1826,Ananya Iyer,Female,10,C,70,55,43,36,84,67.29,No
1827,Meera Gupta,Male,9,C,47,51,58,85,92,63.04,Yes
1828,Meera Iyer,Female,7,D,51,89,70,95,75,66.05,No
1829,Aditya Das,Male,7,A,89,50,92,64,38,60.18,Yes
1830,Vikram Singh,Female,12,B,69,42,59,56,48,62.51,Yes
1831,Priya Kumar,Male,8,A,69,61,52,47,48,71.98,Yes
1832,Vikram Iyer,Female,10,D,52,68,94,51,82,87.7,No
1833,Rahul Nair,Male,10,B,67,76,49,58,35,72.1,No
1834,Ananya Sharma,Female,9,D,60,61,65,56,90,74.17,No
1835,Neha Sharma,Male,8,D,72,90,70,42,77,85.46,No
1836,Vikram Verma,Male,12,B,76,90,96,52,86,91.54,Yes
1837,Vikram Singh,Female,9,B,56,81,74,62,75,89.48,Yes
1838,Neha Das,Male,10,B,57,58,79,36,48,81.33,No
1839,Kiran Nair,Female,9,B,87,59,67,58,36,63.63,Yes
1840,Rahul Patel,Female,6,C,57,36,36,88,85,66.81,No
1841,Arjun Nair,Female,9,A,68,78,41,81,90,67.77,Yes
1842,Ananya Singh,Male,6,B,44,41,45,63,66,74.83,Yes
1843,Vikram Gupta,Male,7,B,73,94,46,46,63,75.29,Yes
1844,Arjun Das,Male,10,B,94,97,39,76,86,71.24,Yes
1845,Kiran Sharma,Female,9,B,85,71,62,80,36,60.59,No
1846,Sneha Iyer,Male,7,C,89,46,91,89,53,94.3,Yes
1847,Sneha Patel,Female,6,A,68,71,46,90,73,65.49,Yes
1848,Meera Das,Female,8,C,49,60,93,57,94,78.79,No
1849,Vikram Kumar,Female,9,A,89,61,67,72,58,84.95,Yes
1850,Aditya Das,Male,9,C,78,47,100,91,37,99.92,No
1851,Neha Gupta,Male,7,C,58,40,56,71,63,77.81,No
1852,Aditya Reddy,Female,7,B,69,79,89,77,60,80.04,No
1853,Neha Singh,Female,10,A,56,80,72,82,63,75.14,Yes
1854,Kiran Verma,Male,8,D,57,60,90,69,43,86.11,Yes
1855,Neha Kumar,Male,10,C,75,96,69,57,46,75.63,No
1856,Sneha Kumar,Male,12,A,63,96,44,68,89,62.0,No
1857,Kiran Reddy,Female,7,D,99,68,70,62,93,62.05,No
1858,Meera Verma,Female,12,C,88,67,88,94,51,87.18,No
1859,Sneha Das,Male,8,C,46,82,39,42,54,78.11,Yes
1860,Neha Reddy,Male,12,C,77,40,93,84,37,71.6,Yes
1861,Priya Das,Female,6,C,39,64,66,91,69,96.59,Yes
1862,Sneha Sharma,Female,9,D,62,37,86,95,50,81.92,Yes
1863,Rahul Nair,Female,9,D,70,45,37,100,92,80.32,No
1864,Priya Patel,Female,11,A,84,95,61,88,61,72.19,Yes
1865,Vikram Gupta,Female,9,A,75,76,37,73,52,65.56,Yes
1866,Ananya Sharma,Female,11,D,44,86,91,38,87,75.63,Yes
1867,Arjun Reddy,Female,12,B,36,95,59,57,100,93.57,Yes
1868,Neha Verma,Male,9,A,54,88,76,61,64,78.55,No
1869,Arjun Verma,Female,12,C,68,56,86,72,55,61.21,Yes
1870,Meera Patel,Female,8,A,49,71,80,88,92,61.07,No
1871,Neha Nair,Male,10,C,91,59,35,82,68,99.85,Yes
1872,Aditya Patel,Female,11,B,41,53,44,94,49,76.57,Yes
1873,Kiran Das,Female,11,B,49,78,41,48,83,86.02,No
1874,Neha Nair,Male,8,A,60,92,40,49,95,62.18,Yes
1875,Kiran Singh,Male,9,A,61,38,100,39,43,78.17,No
1876,Rahul Verma,Male,10,D,57,72,73,76,38,86.42,Yes
1877,Ananya Nair,Female,10,B,94,70,46,44,88,81.59,No
1878,Neha Reddy,Female,12,A,56,95,86,85,51,60.62,Yes
1879,Vikram Nair,Male,7,A,93,42,57,88,59,86.9,No
1880,Aditya Singh,Male,8,D,58,67,77,97,35,63.25,Yes
1881,Aditya Nair,Female,7,C,62,87,37,46,54,98.27,No
1882,Priya Patel,Male,7,C,92,86,42,66,83,85.96,No
1883,Arjun Nair,Female,7,D,75,52,74,40,80,74.19,No
1884,Aditya Verma,Male,11,D,82,70,37,66,86,93.08,No
1885,Vikram Verma,Male,6,C,92,98,66,82,70,97.56,No
1886,Kiran Nair,Male,7,B,89,39,83,86,94,84.17,No
1887,Aditya Gupta,Male,7,C,74,97,57,52,41,98.05,Yes
1888,Neha Verma,Female,7,B,87,51,36,84,88,75.93,No
1889,Neha Gupta,Female,7,B,79,83,54,66,62,72.82,No
1890,Kiran Verma,Female,11,D,92,58,82,90,36,72.04,Yes
1891,Aditya Verma,Male,6,C,66,47,76,60,59,99.04,Yes
1892,Rahul Nair,Female,6,A,35,43,72,73,41,86.09,No
1893,Kiran Nair,Male,12,C,64,39,71,44,62,72.02,Yes
1894,Sneha Verma,Female,8,B,95,51,39,90,76,93.31,No
1895,Aditya Nair,Male,8,A,77,54,42,58,64,73.47,Yes
1896,Arjun Gupta,Female,9,D,48,68,86,51,39,85.96,No
1897,Kiran Verma,Male,6,A,95,81,66,35,92,84.63,No
1898,Meera Verma,Female,10,C,96,54,72,35,74,69.92,No
1899,Ananya Singh,Male,11,B,75,63,44,59,96,86.42,No
1900,Kiran Reddy,Male,6,D,97,98,60,56,44,79.85,No
1901,Arjun Patel,Female,6,B,40,53,77,44,60,80.63,Yes
1902,Sneha Iyer,Male,7,C,58,72,74,70,92,71.46,Yes
1903,Aditya Iyer,Female,6,D,88,51,63,75,43,96.92,Yes
1904,Ananya Das,Female,6,A,95,39,80,46,96,87.8,Yes
1905,Vikram Gupta,Female,6,C,80,84,59,67,39,84.2,Yes
1906,Vikram Kumar,Male,8,C,45,47,76,92,68,70.85,No
1907,Priya Patel,Male,9,A,97,95,35,41,71,60.45,Yes
1908,Arjun Singh,Female,8,A,70,37,66,54,57,63.26,Yes
1909,Sneha Gupta,Female,9,B,40,65,100,82,86,87.38,No
1910,Arjun Iyer,Male,7,D,76,55,78,46,83,71.3,No
1911,Neha Patel,Male,11,B,78,88,51,60,42,97.3,No
1912,Aditya Singh,Male,10,A,90,97,40,99,96,99.7,Yes
1913,Neha Nair,Male,11,A,46,71,63,45,46,67.99,Yes
1914,Kiran Das,Male,6,C,70,78,41,78,55,92.01,Yes
1915,Rahul Reddy,Male,10,D,39,72,93,55,53,60.72,Yes
1916,Neha Iyer,Male,9,D,69,81,70,72,96,89.06,Yes
1917,Vikram Nair,Male,6,D,43,72,84,44,78,89.17,No
1918,Kiran Iyer,Female,9,B,87,58,66,76,83,96.91,No
1919,Sneha Sharma,Male,11,D,44,73,37,51,82,79.45,No
1920,Arjun Patel,Female,10,D,41,77,41,85,65,61.66,No
1921,Sneha Das,Male,8,A,51,46,89,69,36,84.95,Yes
1922,Arjun Patel,Male,10,A,56,42,65,38,53,74.59,Yes
1923,Neha Singh,Female,7,B,93,82,94,81,64,94.3,Yes
1924,Kiran Sharma,Male,10,D,40,52,94,79,98,97.38,No
1925,Aditya Singh,Male,6,C,71,71,71,77,63,80.55,Yes
1926,Vikram Sharma,Male,11,D,79,79,62,71,71,90.48,No
1927,Kiran Nair,Male,10,C,54,50,98,98,41,72.6,No
1928,Kiran Sharma,Male,12,D,48,88,52,74,89,61.22,Yes
1929,Aditya Iyer,Male,12,D,86,37,51,60,80,91.99,Yes
1930,Priya Verma,Female,6,A,82,60,35,43,91,69.22,Yes
1931,Kiran Iyer,Male,8,D,41,79,91,42,82,65.16,No
1932,Aditya Reddy,Male,7,C,74,91,68,42,83,98.75,No
1933,Sneha Reddy,Female,11,D,41,75,93,50,45,90.34,No
1934,Kiran Singh,Female,10,B,89,77,84,50,65,67.79,No
1935,Neha Iyer,Female,11,D,85,35,82,94,41,90.88,Yes
1936,Ananya Iyer,Male,10,C,66,35,47,58,55,61.02,No
1937,Kiran Iyer,Male,7,B,53,96,62,52,61,82.62,No
1938,Aditya Singh,Male,7,B,76,65,55,85,93,75.04,Yes
1939,Aditya Nair,Female,9,B,55,63,78,53,40,65.47,Yes
1940,Arjun Gupta,Male,8,A,43,89,59,64,57,80.65,No
1941,Rahul Patel,Female,9,A,54,36,96,77,76,94.48,No
1942,Aditya Kumar,Male,9,A,91,76,90,43,60,82.04,Yes
1943,Meera Sharma,Male,11,D,71,66,62,54,58,90.94,No
1944,Rahul Nair,Female,9,D,94,62,61,44,88,95.47,Yes
1945,Kiran Das,Female,11,D,38,91,35,61,81,62.09,No
1946,Arjun Kumar,Female,7,C,52,71,45,39,95,91.64,No
1947,Arjun Nair,Female,8,A,90,95,81,99,56,77.12,No
1948,Rahul Kumar,Male,12,D,55,36,40,66,86,67.64,No
1949,Kiran Singh,Female,11,A,71,92,69,75,97,85.83,Yes
1950,Meera Verma,Male,10,D,70,44,67,99,89,61.38,No
1951,Priya Sharma,Female,10,B,53,88,90,72,62,65.1,Yes
1952,Neha Singh,Female,6,B,47,55,44,48,77,84.64,No
1953,Sneha Singh,Male,6,A,58,92,90,55,52,96.38,No
1954,Ananya Singh,Male,12,B,78,85,94,99,97,62.57,Yes
1955,Rahul Patel,Female,10,D,42,77,72,43,84,80.89,No
1956,Meera Patel,Female,10,C,86,74,94,69,85,60.98,No
1957,Vikram Das,Female,10,C,84,59,65,35,91,66.17,No
1958,Meera Sharma,Male,10,B,88,45,84,86,51,60.3,No
1959,Priya Kumar,Female,11,D,99,87,70,77,98,86.62,No
1960,Priya Kumar,Female,9,C,47,57,67,95,90,70.98,Yes
1961,Arjun Das,Female,8,D,51,72,42,80,44,76.59,No
1962,Aditya Kumar,Male,7,B,67,73,68,43,100,83.55,No
1963,Aditya Sharma,Male,12,B,60,87,89,37,100,91.02,No
1964,Ananya Sharma,Male,9,A,66,87,59,40,73,92.4,No
1965,Rahul Patel,Female,6,B,40,77,41,63,38,99.32,No
1966,Meera Patel,Female,11,A,90,43,95,97,97,65.4,No
1967,Priya Nair,Female,6,B,81,84,69,36,73,72.71,Yes
1968,Ananya Patel,Female,12,D,97,73,100,36,76,79.93,Yes
1969,Neha Singh,Male,8,A,52,90,35,56,67,70.81,Yes
1970,Sneha Reddy,Female,10,B,77,70,37,94,59,93.78,Yes
1971,Arjun Patel,Male,10,D,93,95,71,90,93,74.5,No
1972,Meera Singh,Male,10,D,69,55,60,35,99,80.88,Yes
1973,Neha Kumar,Female,11,C,48,88,55,66,63,66.73,No
1974,Arjun Kumar,Female,11,C,56,93,88,96,72,97.12,Yes
1975,Meera Iyer,Male,11,A,84,86,58,62,46,74.86,Yes
1976,Ananya Verma,Male,8,B,83,81,78,74,88,84.91,Yes
1977,Kiran Nair,Male,7,D,53,63,95,50,92,84.99,Yes
1978,Rahul Nair,Male,9,A,39,89,75,69,92,62.23,No
1979,Ananya Iyer,Female,11,C,44,91,88,98,75,72.55,Yes
1980,Vikram Verma,Male,12,D,61,94,100,43,80,83.33,No
1981,Ananya Gupta,Male,10,C,82,100,84,56,86,93.07,Yes
1982,Vikram Singh,Female,9,B,37,54,37,96,86,63.17,Yes
1983,Neha Das,Male,7,A,38,77,46,47,54,97.14,No
1984,Meera Verma,Male,12,A,97,35,86,84,39,94.92,Yes
1985,Ananya Gupta,Male,7,D,53,53,84,64,63,71.0,No
1986,Aditya Gupta,Female,6,B,75,40,88,97,76,78.41,No
1987,Vikram Patel,Male,8,C,92,36,97,91,65,89.59,Yes
1988,Sneha Reddy,Female,8,C,40,75,91,39,80,65.08,Yes
1989,Vikram Iyer,Male,10,C,70,68,40,74,82,99.27,Yes
1990,Meera Reddy,Female,6,C,96,41,48,54,64,99.11,No
1991,Arjun Patel,Female,10,D,49,76,85,44,39,83.31,No
1992,Ananya Gupta,Female,10,A,53,64,73,69,80,77.05,No
1993,Aditya Das,Female,10,C,38,64,89,89,73,92.58,Yes
1994,Kiran Patel,Male,10,C,96,62,98,99,61,94.74,No
1995,Neha Iyer,Female,9,B,53,91,64,48,100,75.74,Yes
1996,Arjun Nair,Male,8,C,73,55,64,64,57,72.0,No
1997,Priya Reddy,Female,11,C,66,90,84,38,94,96.42,No
1998,Aditya Das,Female,11,C,84,57,50,79,80,81.79,Yes
1999,Ananya Singh,Male,9,A,91,35,78,36,55,95.9,Yes
2000,Vikram Reddy,Female,10,A,71,47,64,73,70,86.71,No
2001,Arjun Gupta,Female,12,B,97,92,71,38,51,83.66,Yes
2002,Vikram Das,Female,11,B,60,38,54,89,79,98.77,Yes
2003,Neha Gupta,Female,11,B,49,59,88,83,92,78.39,No
2004,Kiran Das,Female,6,A,52,75,85,65,70,66.96,Yes
2005,Rahul Nair,Male,11,B,69,40,44,61,91,98.88,Yes
2006,Kiran Iyer,Female,10,A,47,95,92,44,76,65.99,No
2007,Aditya Das,Male,8,C,38,56,62,66,79,62.51,No
2008,Kiran Kumar,Female,8,B,83,41,49,84,66,79.58,Yes
2009,Kiran Patel,Male,10,C,83,77,80,55,58,79.44,No
2010,Kiran Singh,Male,8,A,38,62,76,35,57,89.72,No
2011,Priya Reddy,Male,12,C,71,67,86,96,53,67.22,Yes
2012,Neha Sharma,Female,9,B,64,43,67,81,70,75.12,Yes
2013,Priya Iyer,Female,10,B,54,80,46,49,68,87.87,No
2014,Vikram Verma,Female,10,C,62,43,52,36,72,60.56,No
2015,Aditya Patel,Female,9,D,89,47,100,59,41,87.93,No
2016,Vikram Sharma,Male,6,D,66,45,74,61,45,72.98,Yes
2017,Aditya Patel,Female,9,D,56,48,36,97,44,81.95,Yes
2018,Arjun Gupta,Female,11,C,89,73,51,77,93,93.56,No
2019,Vikram Sharma,Male,12,D,60,66,44,82,68,67.17,Yes
2020,Arjun Das,Male,6,B,59,41,58,99,90,94.97,No
2021,Arjun Kumar,Male,7,C,47,47,72,54,38,76.15,No
2022,Arjun Reddy,Female,6,C,75,53,37,47,86,76.98,Yes
2023,Sneha Verma,Male,7,B,52,70,39,39,75,69.28,Yes
2024,Rahul Nair,Male,8,D,52,38,47,40,44,64.55,Yes
2025,Aditya Verma,Female,7,B,47,59,64,57,81,67.26,No
2026,Meera Patel,Male,7,C,77,87,71,77,51,68.66,Yes
2027,Vikram Das,Female,12,C,91,89,35,57,68,83.35,No
2028,Kiran Patel,Female,7,A,80,66,90,93,95,85.0,Yes
2029,Aditya Gupta,Female,7,D,64,80,86,46,77,87.53,No
2030,Kiran Kumar,Female,10,A,69,97,84,55,82,91.5,Yes
2031,Neha Das,Female,8,A,69,95,82,63,66,76.17,No
2032,Rahul Singh,Female,12,C,85,90,75,64,78,68.34,No
2033,Rahul Gupta,Female,11,B,54,72,60,84,98,96.95,Yes
2034,Aditya Reddy,Female,9,A,55,93,88,60,63,72.96,Yes
2035,Aditya Das,Female,10,D,66,38,87,47,85,89.23,Yes
2036,Aditya Gupta,Female,10,B,44,88,47,80,63,86.95,Yes
2037,Meera Das,Male,11,D,46,38,66,37,98,92.26,No
2038,Rahul Das,Male,9,B,35,47,70,89,96,98.36,Yes
2039,Vikram Nair,Female,11,C,61,50,51,50,71,75.93,Yes
2040,Neha Singh,Female,9,B,76,70,53,56,84,93.7,No
2041,Priya Das,Male,12,B,48,93,52,73,36,68.61,No
2042,Vikram Reddy,Male,7,D,84,72,93,46,87,78.06,Yes
2043,Kiran Verma,Male,7,C,63,49,39,48,84,64.3,No
2044,Neha Sharma,Male,9,B,69,39,45,59,63,69.26,No
2045,Sneha Iyer,Female,12,D,61,70,47,71,40,93.02,No
2046,Meera Sharma,Male,12,D,98,62,39,44,67,96.35,Yes
2047,Meera Das,Male,8,A,38,41,74,55,39,66.02,No
2048,Kiran Reddy,Female,10,A,44,40,66,72,53,64.88,Yes
2049,Aditya Verma,Female,8,C,54,42,61,75,60,62.99,Yes
2050,Ananya Gupta,Male,9,A,61,83,42,45,76,91.49,Yes
2051,Meera Iyer,Male,7,B,47,74,37,52,73,96.25,Yes
2052,Rahul Verma,Male,8,A,50,51,93,73,75,65.47,No
2053,Meera Gupta,Male,9,D,100,82,97,83,72,94.41,Yes
2054,Neha Reddy,Male,10,A,39,98,73,49,83,64.88,No
2055,Rahul Patel,Male,6,C,71,41,44,65,45,96.8,Yes
2056,Priya Sharma,Female,10,D,58,84,43,87,67,92.57,No
2057,Rahul Kumar,Male,12,D,74,44,35,52,81,71.32,Yes
2058,Ananya Gupta,Female,10,C,89,84,71,99,63,99.25,Yes
2059,Priya Reddy,Female,9,D,79,86,61,81,81,91.13,No
2060,Rahul Nair,Female,11,A,93,54,84,86,52,90.42,No
2061,Kiran Kumar,Male,8,D,36,95,37,40,45,71.76,No
2062,Meera Patel,Male,12,D,100,88,58,68,40,91.5,No
2063,Meera Sharma,Male,11,D,87,42,69,47,97,65.42,Yes
2064,Arjun Iyer,Female,7,B,99,49,50,79,55,65.6,Yes
2065,Vikram Nair,Male,7,B,71,36,70,95,76,94.65,Yes
2066,Priya Gupta,Female,6,A,69,46,39,69,92,84.21,Yes
2067,Sneha Kumar,Male,11,A,66,79,38,75,59,72.75,No
2068,Rahul Nair,Male,12,A,90,72,50,81,97,82.26,Yes
2069,Neha Iyer,Male,6,B,37,44,38,73,48,84.88,No
2070,Sneha Singh,Male,10,C,51,100,47,68,71,78.78,No
2071,Ananya Singh,Male,10,A,57,45,100,63,37,75.42,No
2072,Ananya Verma,Male,11,B,94,49,53,47,63,92.96,No
2073,Aditya Patel,Female,10,A,75,77,76,79,98,91.37,No
2074,Arjun Verma,Female,7,A,88,90,41,73,80,95.75,No
2075,Arjun Das,Male,11,A,84,77,88,93,65,69.34,No
2076,Priya Iyer,Male,6,D,75,53,91,88,46,97.06,No
2077,Vikram Reddy,Female,10,A,52,80,63,37,100,71.21,No
2078,Kiran Gupta,Male,11,D,72,69,73,93,98,94.39,Yes
2079,Priya Sharma,Female,11,B,65,53,67,57,62,72.06,Yes
2080,Arjun Singh,Male,9,B,74,49,77,78,66,97.69,No
2081,Neha Reddy,Female,10,C,75,93,71,38,84,66.96,No
2082,Neha Das,Male,7,C,56,82,92,42,65,99.87,Yes
2083,Sneha Nair,Female,11,C,80,58,63,45,76,85.6,Yes
2084,Vikram Das,Male,6,C,37,52,90,85,58,96.19,Yes
2085,Ananya Nair,Male,9,C,55,52,51,38,73,63.48,No
2086,Vikram Nair,Male,8,B,57,86,83,61,95,94.34,Yes
2087,Kiran Patel,Male,12,C,39,62,50,64,55,80.0,No
2088,Vikram Kumar,Male,7,B,40,88,47,41,48,83.06,Yes
2089,Sneha Kumar,Male,9,D,45,42,35,42,37,67.35,No
2090,Kiran Reddy,Female,7,B,78,83,70,98,43,80.56,No
2091,Priya Gupta,Female,6,D,53,64,35,71,79,89.08,Yes
2092,Rahul Patel,Male,9,D,94,44,71,77,83,71.59,No
2093,Sneha Iyer,Male,12,A,72,80,60,48,45,86.8,No
2094,Kiran Das,Female,8,A,79,57,95,88,43,65.0,Yes
2095,Vikram Reddy,Female,9,A,87,44,42,54,51,69.84,Yes
2096,Kiran Iyer,Female,6,D,96,89,61,77,66,65.42,Yes
2097,Ananya Reddy,Female,10,B,44,52,83,71,100,74.71,Yes
2098,Ananya Reddy,Male,8,B,74,59,37,40,38,97.56,Yes
2099,Ananya Kumar,Male,10,B,66,44,61,53,68,77.49,No
2100,Kiran Gupta,Male,7,D,68,48,97,60,98,76.51,Yes
2101,Priya Patel,Male,6,A,47,70,38,84,80,66.55,No
2102,Kiran Singh,Male,9,D,63,82,43,53,97,67.32,No
2103,Priya Kumar,Male,12,B,97,81,85,75,84,84.54,No
2104,Aditya Verma,Female,10,C,89,55,56,70,71,88.33,Yes
2105,Arjun Singh,Female,11,B,75,35,87,51,88,73.08,No
2106,Meera Nair,Male,12,D,51,92,88,98,57,83.89,Yes
2107,Priya Sharma,Female,10,B,67,69,52,44,51,83.02,No
2108,Kiran Kumar,Male,7,B,60,72,98,94,35,71.47,No
2109,Ananya Gupta,Female,12,B,82,49,72,41,93,60.97,Yes
2110,Neha Verma,Male,6,C,92,53,66,59,91,85.8,Yes
2111,Arjun Gupta,Female,8,A,85,97,86,91,36,75.82,No
2112,Sneha Nair,Female,7,A,49,43,52,54,38,92.87,Yes
2113,Vikram Singh,Female,7,D,67,61,61,62,89,93.96,No
2114,Arjun Verma,Male,11,D,98,45,61,83,36,94.07,No
2115,Neha Singh,Female,10,B,38,82,88,70,41,64.55,Yes
2116,Rahul Singh,Female,12,A,62,82,41,35,44,64.33,No
2117,Aditya Das,Male,9,C,42,41,62,100,39,71.43,Yes
2118,Arjun Singh,Male,8,B,43,79,86,84,100,73.6,Yes
2119,Priya Patel,Male,8,B,96,74,93,75,80,80.23,Yes
2120,Arjun Gupta,Male,6,D,75,83,71,92,49,79.48,No
2121,Vikram Singh,Male,6,A,54,94,48,86,61,79.35,Yes
2122,Kiran Reddy,Male,8,D,89,89,49,45,95,93.06,No
2123,Ananya Kumar,Male,11,B,55,87,43,95,40,88.78,Yes
2124,Priya Verma,Male,8,B,67,80,43,79,89,73.09,Yes
2125,Vikram Kumar,Male,8,B,66,100,55,71,55,75.52,Yes
2126,Meera Iyer,Female,8,A,43,77,69,89,89,81.92,Yes
2127,Arjun Patel,Male,7,C,61,55,94,57,96,90.16,No
2128,Neha Verma,Male,8,C,43,82,42,56,75,65.03,No
2129,Aditya Das,Male,7,A,94,59,35,95,51,95.44,Yes
2130,Ananya Patel,Male,9,D,95,93,49,50,99,71.7,No
2131,Rahul Iyer,Female,7,A,42,36,91,45,53,62.93,Yes
2132,Aditya Nair,Male,8,C,97,62,41,79,96,93.95,No
2133,Ananya Reddy,Female,6,D,48,83,81,90,79,90.88,No
2134,Ananya Das,Female,6,D,65,59,71,69,37,60.7,No
2135,Rahul Nair,Female,7,D,81,60,93,60,58,65.09,Yes
2136,Neha Reddy,Female,7,A,93,37,81,71,96,86.87,No
2137,Arjun Reddy,Female,9,A,45,77,39,47,40,62.77,Yes
2138,Kiran Sharma,Male,10,A,52,86,79,61,68,93.79,No
2139,Neha Iyer,Male,7,C,71,99,99,61,80,79.68,Yes
2140,Neha Nair,Male,8,D,95,46,67,84,66,98.81,No
2141,Kiran Singh,Male,12,B,37,61,46,98,52,92.69,No
2142,Kiran Kumar,Male,12,B,74,85,77,68,56,99.54,No
2143,Rahul Singh,Male,6,A,53,37,85,41,46,72.17,No
2144,Arjun Kumar,Male,10,A,78,70,61,53,98,95.1,No
2145,Sneha Sharma,Male,7,C,88,62,83,60,36,63.58,Yes
2146,Arjun Sharma,Male,10,B,43,91,49,35,74,94.14,Yes
2147,Rahul Verma,Male,8,C,43,77,58,41,64,61.97,No
2148,Sneha Iyer,Female,9,A,66,88,85,56,38,80.47,Yes
2149,Rahul Nair,Female,10,A,79,73,93,67,93,93.87,No
2150,Sneha Reddy,Male,6,C,62,66,36,90,98,97.19,No
2151,Neha Verma,Female,7,A,50,74,52,89,64,78.97,No
2152,Priya Sharma,Male,9,D,89,96,47,100,98,79.15,Yes
2153,Vikram Verma,Male,9,B,90,80,38,46,85,95.16,Yes
2154,Ananya Das,Male,10,B,58,89,90,90,91,80.59,Yes
2155,Neha Patel,Female,11,D,45,85,76,56,58,82.01,Yes
2156,Ananya Singh,Male,12,C,48,52,76,78,96,79.21,Yes
2157,Kiran Kumar,Female,9,C,38,59,82,38,75,61.17,Yes
2158,Aditya Reddy,Female,6,D,77,96,59,43,52,83.61,No
2159,Kiran Kumar,Male,10,D,45,49,74,89,40,62.24,No
2160,Arjun Sharma,Male,8,C,58,92,97,79,94,99.7,Yes
2161,Arjun Nair,Male,6,A,48,54,78,36,43,85.75,No
2162,Arjun Iyer,Female,7,A,86,79,54,58,55,69.08,Yes
2163,Kiran Gupta,Male,12,A,37,84,56,40,36,91.3,No
2164,Sneha Sharma,Male,12,C,57,84,89,52,68,88.07,No
2165,Priya Patel,Female,12,C,38,76,98,46,70,72.2,No
2166,Kiran Iyer,Female,6,D,98,61,81,73,67,97.59,Yes
2167,Aditya Kumar,Male,8,D,89,88,80,100,60,86.65,No
2168,Vikram Patel,Female,10,B,80,89,55,88,98,68.63,No
2169,Aditya Verma,Female,7,B,38,93,95,81,95,60.18,No
2170,Sneha Nair,Female,12,B,67,73,66,90,78,94.66,Yes
2171,Priya Sharma,Female,8,A,81,39,57,69,86,78.54,Yes
2172,Arjun Iyer,Male,8,B,60,40,94,92,64,96.59,No
2173,Rahul Gupta,Female,8,C,35,65,38,43,88,65.51,No
2174,Meera Kumar,Male,11,B,35,73,78,37,58,98.38,Yes
2175,Aditya Patel,Female,7,A,52,94,68,64,63,90.02,No
2176,Sneha Reddy,Male,6,B,65,80,38,70,56,76.04,Yes
2177,Ananya Singh,Male,10,D,83,58,79,49,41,80.94,No
2178,Sneha Verma,Male,10,C,79,72,78,45,68,85.28,No
2179,Arjun Gupta,Male,10,B,76,47,45,96,73,73.76,No
2180,Priya Patel,Female,11,A,88,52,95,58,48,76.63,Yes
2181,Sneha Iyer,Female,9,A,52,46,75,95,82,98.53,Yes
2182,Kiran Singh,Male,7,D,38,100,67,50,100,99.03,No
2183,Kiran Nair,Male,10,A,89,64,45,90,65,60.81,Yes
2184,Neha Gupta,Female,6,D,98,42,74,77,39,88.49,Yes
2185,Rahul Das,Female,7,A,57,62,70,64,39,72.34,No
2186,Meera Singh,Male,6,B,82,66,86,73,81,61.85,Yes
2187,Vikram Nair,Male,6,B,67,51,95,81,82,77.66,No
2188,Rahul Gupta,Male,6,C,72,38,71,68,59,95.81,Yes
2189,Aditya Patel,Female,10,C,63,45,39,55,96,79.35,Yes
2190,Priya Sharma,Female,7,A,94,51,84,78,43,96.39,Yes
2191,Rahul Verma,Male,12,D,53,45,41,99,97,69.14,Yes
2192,Rahul Reddy,Male,9,A,76,91,62,93,90,91.12,Yes
2193,Arjun Kumar,Male,10,D,97,35,91,72,79,94.02,Yes
2194,Priya Patel,Male,8,C,75,41,36,57,35,65.24,No
2195,Vikram Patel,Female,10,A,62,74,79,42,56,83.78,No
2196,Ananya Das,Male,7,A,69,36,61,69,87,87.39,No
2197,Priya Singh,Male,10,B,65,89,99,47,40,63.02,Yes
2198,Vikram Nair,Female,7,A,41,75,47,66,66,71.23,Yes
2199,Meera Verma,Female,7,B,35,47,65,56,81,91.84,Yes
2200,Arjun Verma,Male,11,A,84,50,87,63,88,93.64,Yes
2201,Vikram Gupta,Male,11,D,66,83,36,94,100,83.7,No
2202,Ananya Das,Female,7,A,40,37,80,51,45,70.28,Yes
2203,Arjun Iyer,Male,9,A,90,65,69,81,38,91.78,No
2204,Meera Nair,Male,9,A,82,45,49,45,68,91.94,No
2205,Priya Singh,Female,9,D,53,85,79,78,84,92.91,Yes
2206,Ananya Das,Female,6,B,91,92,49,99,99,76.61,Yes
2207,Kiran Patel,Female,9,A,52,86,83,91,63,97.6,No
2208,Priya Iyer,Male,9,A,60,96,71,40,56,89.18,Yes
2209,Aditya Das,Male,8,C,85,83,57,98,89,68.19,Yes
2210,Arjun Singh,Male,6,D,88,47,73,57,48,74.98,No
2211,Vikram Patel,Male,10,D,88,61,88,68,96,61.09,No
2212,Kiran Kumar,Female,10,D,100,96,37,62,83,82.05,Yes
2213,Arjun Sharma,Female,10,B,97,64,86,64,45,90.62,Yes
2214,Rahul Gupta,Male,11,B,96,42,84,77,63,71.21,Yes
2215,Aditya Sharma,Female,11,B,47,45,92,56,51,80.54,No
2216,Ananya Reddy,Male,6,A,49,92,86,41,96,73.39,No
2217,Vikram Gupta,Female,12,D,71,92,42,75,55,97.19,Yes
2218,Meera Iyer,Male,6,C,87,77,88,80,47,82.12,Yes
2219,Arjun Das,Male,9,B,75,87,66,47,87,68.0,Yes
2220,Rahul Gupta,Female,8,C,92,57,88,48,88,83.87,No
2221,Sneha Iyer,Male,6,B,41,85,56,41,49,90.54,Yes
2222,Ananya Reddy,Female,9,C,59,56,49,84,63,92.1,Yes
2223,Kiran Reddy,Male,6,D,77,69,39,40,74,87.57,Yes
2224,Sneha Iyer,Male,10,C,72,82,77,99,63,73.67,No
2225,Sneha Gupta,Male,7,D,70,62,54,53,76,91.09,No
2226,Meera Iyer,Female,6,B,76,43,67,98,88,95.92,Yes
2227,Rahul Patel,Female,12,A,50,85,64,68,80,70.33,Yes
2228,Vikram Singh,Female,7,A,75,84,62,41,66,60.35,No
2229,Neha Das,Female,12,A,89,74,81,94,52,85.19,Yes
2230,Vikram Gupta,Male,11,A,93,96,59,77,46,76.74,Yes
2231,Meera Patel,Male,10,D,59,89,92,38,96,87.7,Yes
2232,Ananya Patel,Female,6,B,74,51,56,56,69,63.76,Yes
2233,Arjun Das,Male,7,B,90,75,74,36,47,95.66,Yes
2234,Aditya Singh,Female,7,C,69,54,38,55,70,69.79,No
2235,Arjun Gupta,Female,9,D,79,46,50,100,89,86.29,No
2236,Kiran Singh,Male,10,C,48,74,98,79,59,84.84,Yes
2237,Sneha Iyer,Male,8,C,52,73,76,46,42,80.34,Yes
2238,Kiran Reddy,Male,6,B,75,84,75,69,58,89.97,Yes
2239,Arjun Nair,Male,9,D,83,90,89,57,56,82.79,Yes
2240,Sneha Verma,Female,6,C,46,43,59,37,64,91.34,No
2241,Rahul Singh,Male,8,A,83,89,57,100,59,70.81,Yes
2242,Sneha Singh,Male,7,C,61,95,82,48,83,77.45,No
2243,Arjun Verma,Female,12,C,71,57,71,66,57,75.35,Yes
2244,Vikram Kumar,Female,6,D,69,61,78,37,79,66.52,No
2245,Neha Singh,Female,12,A,66,89,89,71,76,68.38,Yes
2246,Ananya Das,Female,6,C,93,50,60,35,39,90.48,No
2247,Aditya Nair,Female,7,C,71,86,83,90,90,78.0,No
2248,Ananya Sharma,Female,11,A,93,37,90,41,45,93.85,No
2249,Meera Reddy,Male,12,B,68,92,48,78,85,79.22,No
2250,Kiran Das,Female,6,C,44,99,89,37,47,75.37,No
2251,Aditya Gupta,Male,7,C,61,82,90,76,37,95.32,No
2252,Priya Sharma,Female,12,D,87,64,97,78,74,61.82,No
2253,Rahul Verma,Female,6,D,56,77,92,50,73,98.36,Yes
2254,Priya Sharma,Male,10,C,97,89,57,83,73,80.57,Yes
2255,Kiran Patel,Female,10,B,87,41,84,60,76,80.49,Yes
2256,Arjun Reddy,Male,12,A,53,91,83,77,45,98.67,Yes
2257,Arjun Singh,Female,7,D,93,79,83,95,41,95.66,No
2258,Priya Das,Male,6,B,89,62,67,73,71,68.45,No
2259,Kiran Verma,Female,11,B,64,48,44,54,60,68.89,No
2260,Kiran Reddy,Female,11,A,92,63,50,92,73,71.2,No
2261,Ananya Iyer,Female,7,D,52,84,66,85,91,81.53,Yes
2262,Vikram Gupta,Female,12,D,68,98,82,69,71,86.0,No
2263,Vikram Kumar,Male,10,C,59,92,93,67,38,98.49,Yes
2264,Ananya Das,Female,9,D,71,38,68,54,37,98.33,No
2265,Kiran Iyer,Female,6,C,91,79,60,73,46,63.04,No
2266,Sneha Patel,Male,10,A,39,40,70,39,87,74.9,No
2267,Vikram Nair,Male,11,C,68,78,66,77,89,74.62,No
2268,Rahul Patel,Male,9,D,39,36,39,68,94,61.16,Yes
2269,Meera Sharma,Male,12,C,81,88,44,45,99,82.71,No
2270,Priya Reddy,Male,10,A,75,99,62,92,70,76.07,Yes
2271,Aditya Singh,Female,9,D,46,100,87,100,97,86.76,No
2272,Ananya Gupta,Female,9,D,53,37,82,52,82,76.16,No
2273,Arjun Verma,Male,8,B,64,64,35,58,58,79.86,No
2274,Arjun Kumar,Female,12,D,65,89,57,54,43,70.14,No
2275,Meera Patel,Male,10,D,83,39,74,97,74,78.04,Yes
2276,Sneha Verma,Male,8,D,99,78,56,68,93,71.97,No
2277,Rahul Sharma,Male,8,C,71,48,37,56,63,91.32,No
2278,Sneha Kumar,Male,10,D,87,74,98,96,73,63.82,Yes
2279,Sneha Kumar,Male,10,B,36,53,80,100,82,67.82,No
2280,Priya Verma,Male,8,B,81,56,50,97,76,73.75,Yes
2281,Neha Verma,Female,11,A,56,83,77,81,49,75.07,No
2282,Neha Nair,Male,10,B,47,63,74,46,40,89.29,Yes
2283,Vikram Reddy,Female,12,D,59,68,51,57,74,96.59,Yes
2284,Neha Kumar,Female,11,B,41,48,57,43,100,72.58,No
2285,Sneha Singh,Male,6,C,86,46,60,66,45,73.29,No
2286,Priya Patel,Male,6,C,63,39,59,42,74,71.87,No
2287,Ananya Verma,Male,11,A,41,87,81,73,75,72.79,No
2288,Kiran Patel,Female,8,C,50,58,47,53,87,97.55,No
2289,Priya Nair,Male,9,C,45,48,37,88,48,96.71,No
2290,Kiran Gupta,Male,6,A,51,55,67,52,50,76.18,Yes
2291,Kiran Verma,Male,7,A,98,80,86,56,83,93.43,No
2292,Rahul Sharma,Male,11,C,98,46,35,36,79,82.75,Yes
2293,Priya Iyer,Male,12,B,93,41,60,55,53,61.22,No
2294,Aditya Verma,Female,10,D,51,67,59,94,50,65.79,No
2295,Meera Singh,Female,7,A,77,100,37,53,86,60.64,No
2296,Arjun Singh,Male,7,B,68,36,88,80,73,95.46,No
2297,Ananya Das,Female,6,A,67,45,99,99,77,77.43,No
2298,Sneha Sharma,Male,9,C,80,90,52,63,100,82.35,No
2299,Kiran Kumar,Female,11,B,44,61,84,41,88,85.89,Yes
2300,Neha Sharma,Male,6,B,83,36,70,96,70,86.62,No
2301,Meera Gupta,Male,7,A,61,77,50,67,76,89.19,Yes
2302,Neha Singh,Female,6,A,68,93,41,81,64,72.31,Yes
2303,Vikram Patel,Female,6,D,95,62,42,77,63,65.04,No
2304,Ananya Sharma,Female,12,D,87,77,83,54,56,74.7,Yes
2305,Rahul Verma,Male,11,A,49,62,54,66,82,68.39,No
2306,Vikram Verma,Female,9,C,89,97,87,98,99,60.74,No
2307,Aditya Kumar,Male,9,C,70,76,95,77,53,63.17,No
2308,Sneha Reddy,Female,8,C,77,55,99,97,70,81.5,No
2309,Aditya Reddy,Male,11,C,84,55,89,91,76,90.42,Yes
2310,Neha Gupta,Female,9,C,77,63,69,87,80,91.49,Yes
2311,Priya Das,Female,6,D,91,89,65,36,41,82.63,Yes
2312,Priya Verma,Male,6,A,85,59,39,45,76,83.02,Yes
2313,Rahul Singh,Male,7,C,62,74,56,96,83,76.41,Yes
2314,Neha Verma,Female,9,A,45,99,39,70,36,91.75,Yes
2315,Aditya Verma,Male,6,C,63,91,65,82,86,76.01,No
2316,Meera Kumar,Female,8,C,88,37,79,66,54,95.7,Yes
2317,Neha Das,Female,12,C,86,52,98,52,41,85.17,Yes
2318,Kiran Singh,Male,6,B,79,87,91,54,99,74.58,Yes
2319,Rahul Reddy,Female,8,B,66,37,98,93,78,94.99,Yes
2320,Meera Nair,Female,7,D,68,62,82,85,96,85.65,No
2321,Aditya Das,Male,9,A,96,78,45,47,99,62.59,No
2322,Priya Kumar,Male,7,C,73,47,74,56,78,68.24,Yes
2323,Kiran Singh,Male,10,B,78,95,69,91,91,77.37,No
2324,Priya Gupta,Male,9,A,81,76,73,68,61,85.55,No
2325,Sneha Das,Female,11,D,48,78,87,57,53,89.04,No
2326,Neha Sharma,Female,9,B,73,49,79,61,81,83.75,No
2327,Meera Sharma,Male,6,A,77,67,94,93,64,90.66,No
2328,Sneha Reddy,Female,11,D,52,57,80,81,94,98.48,No
2329,Kiran Singh,Male,7,C,69,97,74,47,85,81.36,No
2330,Ananya Patel,Female,7,B,53,81,82,79,37,93.36,No
2331,Ananya Gupta,Female,12,D,81,99,47,87,86,61.77,No
2332,Meera Patel,Female,7,B,62,73,91,35,73,60.73,Yes
2333,Aditya Das,Female,11,A,67,98,97,66,72,64.98,No
2334,Priya Gupta,Female,6,B,98,71,82,86,39,64.91,Yes
2335,Sneha Gupta,Female,6,A,44,93,79,38,40,90.32,No
2336,Arjun Das,Female,10,C,39,97,90,57,75,72.55,Yes
2337,Kiran Nair,Male,11,C,65,89,91,86,66,74.12,Yes
2338,Kiran Iyer,Male,8,C,87,40,97,42,93,65.12,Yes
2339,Aditya Reddy,Male,7,C,48,59,35,44,69,67.58,No
2340,Aditya Nair,Female,11,C,64,90,86,63,75,79.19,No
2341,Ananya Reddy,Female,10,A,60,36,41,93,64,92.18,No
2342,Priya Verma,Male,9,A,100,57,78,58,88,69.49,No
2343,Neha Singh,Male,7,D,89,48,46,51,51,98.28,Yes
2344,Meera Singh,Male,8,B,83,45,48,97,53,93.72,No
2345,Kiran Kumar,Female,8,C,83,82,62,58,82,87.46,No
2346,Aditya Singh,Male,6,A,78,45,62,83,92,67.5,Yes
2347,Priya Nair,Male,7,A,62,91,89,100,73,91.21,No
2348,Ananya Reddy,Female,9,B,56,38,44,68,66,67.93,No
2349,Aditya Sharma,Male,6,B,91,56,61,84,36,67.82,No
2350,Kiran Singh,Female,9,A,36,88,96,90,48,98.85,Yes
2351,Ananya Das,Male,11,C,35,96,88,96,43,85.46,Yes
2352,Meera Iyer,Male,6,C,85,41,73,48,99,75.6,Yes
2353,Arjun Patel,Male,9,C,77,86,67,89,94,71.94,Yes
2354,Kiran Sharma,Female,11,B,37,84,67,39,97,85.81,Yes
2355,Aditya Nair,Female,12,A,92,41,50,43,82,82.35,Yes
2356,Sneha Das,Male,10,D,94,36,94,70,57,64.71,No
2357,Sneha Reddy,Male,11,D,52,78,56,86,35,65.62,Yes
2358,Kiran Gupta,Male,10,D,81,70,100,36,53,94.59,Yes
2359,Sneha Kumar,Male,12,C,59,45,35,87,81,77.95,No
2360,Meera Iyer,Female,8,C,83,62,79,50,38,95.04,Yes
2361,Aditya Sharma,Male,7,B,59,46,77,82,100,98.06,No
2362,Neha Gupta,Male,7,C,93,47,98,98,45,94.28,Yes
2363,Sneha Sharma,Female,9,D,42,73,44,51,67,96.4,No
2364,Arjun Kumar,Male,9,C,64,76,61,65,92,75.41,No
2365,Meera Verma,Female,12,D,93,94,90,42,36,75.51,Yes
2366,Aditya Kumar,Female,11,B,45,95,65,40,64,69.03,No
2367,Neha Das,Female,8,D,68,78,49,35,73,81.71,Yes
2368,Neha Singh,Female,11,B,49,46,79,84,37,94.26,No
2369,Rahul Iyer,Male,9,C,73,96,87,50,48,64.3,No
2370,Neha Iyer,Female,8,D,81,72,79,88,78,78.45,No
2371,Rahul Nair,Female,11,B,72,99,78,69,38,90.33,Yes
2372,Neha Verma,Female,11,D,79,88,36,90,83,88.94,Yes
2373,Kiran Reddy,Male,10,B,87,95,39,91,91,95.61,No
2374,Neha Kumar,Female,6,B,87,53,83,63,98,78.74,Yes
2375,Ananya Reddy,Male,6,D,65,80,50,51,88,66.9,Yes
2376,Kiran Verma,Male,8,B,55,64,59,65,41,91.51,Yes
2377,Neha Gupta,Male,8,C,83,37,86,38,83,82.64,No
2378,Sneha Sharma,Female,10,C,51,59,78,91,85,72.92,Yes
2379,Neha Singh,Male,7,C,66,96,41,39,83,94.46,No
2380,Aditya Verma,Female,8,D,78,66,48,49,36,70.24,No
2381,Priya Singh,Male,10,A,76,66,91,87,73,98.82,No
2382,Priya Sharma,Female,10,D,92,85,38,58,40,69.15,Yes
2383,Rahul Reddy,Male,6,D,39,46,76,86,88,96.9,Yes
2384,Vikram Iyer,Female,7,D,60,44,67,55,74,82.7,No
2385,Rahul Gupta,Male,9,D,74,73,49,89,36,69.38,Yes
2386,Vikram Verma,Male,9,A,37,76,45,40,57,81.08,No
2387,Priya Reddy,Male,6,B,55,35,45,97,81,71.9,No
2388,Meera Das,Female,10,D,52,43,42,69,86,76.6,No
2389,Priya Sharma,Male,8,B,86,92,67,70,56,93.01,Yes
2390,Kiran Sharma,Female,10,C,72,59,60,36,82,80.31,No
2391,Rahul Patel,Male,9,A,89,41,46,68,77,77.82,Yes
2392,Sneha Nair,Female,9,A,69,78,99,47,93,60.28,No
2393,Arjun Reddy,Female,9,D,51,38,51,79,44,82.86,Yes
2394,Meera Verma,Male,10,C,51,65,64,54,92,93.67,No
2395,Neha Patel,Female,10,C,99,55,48,78,82,96.58,Yes
2396,Meera Das,Male,12,D,45,71,56,37,94,73.37,No
2397,Aditya Reddy,Female,7,C,94,65,87,55,84,65.21,Yes
2398,Vikram Verma,Male,11,A,57,73,95,92,65,90.39,No
2399,Ananya Iyer,Male,12,C,73,59,74,60,78,94.4,No
2400,Vikram Iyer,Male,10,D,81,95,49,78,86,90.11,No
2401,Sneha Verma,Male,12,B,41,63,69,37,72,65.01,No
2402,Neha Das,Male,11,A,41,71,36,43,88,87.96,No
2403,Sneha Iyer,Female,7,C,56,86,83,52,51,74.64,Yes
2404,Arjun Patel,Female,12,B,41,45,69,42,47,87.15,Yes
2405,Ananya Patel,Male,11,A,93,58,58,85,74,96.46,No
2406,Ananya Kumar,Female,10,A,36,43,69,51,63,68.7,No
2407,Neha Verma,Female,9,C,55,55,66,76,88,87.38,No
2408,Ananya Reddy,Female,7,A,56,56,90,55,73,78.6,Yes
2409,Kiran Kumar,Male,6,B,53,37,39,42,90,72.02,No
2410,Kiran Reddy,Female,8,B,92,99,97,66,76,72.72,Yes
2411,Aditya Nair,Male,6,D,98,53,42,90,91,98.01,No
2412,Neha Patel,Male,8,B,86,37,70,75,62,89.57,Yes
2413,Priya Nair,Female,10,B,77,93,60,66,100,63.94,Yes
2414,Sneha Sharma,Female,7,C,78,66,61,41,58,99.43,No
2415,Aditya Reddy,Male,7,C,95,67,37,82,59,88.58,No
2416,Rahul Sharma,Male,7,C,40,76,44,86,41,65.02,Yes
2417,Priya Reddy,Male,9,A,81,80,76,98,41,92.16,No
2418,Arjun Singh,Male,7,C,78,85,74,44,45,83.75,Yes
2419,Priya Kumar,Male,7,C,64,100,39,97,44,83.46,Yes
2420,Priya Sharma,Female,11,B,74,67,43,95,49,73.33,No
2421,Priya Kumar,Female,6,D,90,64,57,100,51,99.23,No
2422,Sneha Sharma,Female,6,D,52,44,81,90,65,72.64,Yes
2423,Arjun Iyer,Female,6,C,40,72,54,42,75,84.28,No
2424,Vikram Kumar,Female,10,D,93,44,74,59,62,87.71,No
2425,Arjun Verma,Male,11,A,48,40,45,71,88,89.31,Yes
2426,Sneha Gupta,Male,9,A,61,39,70,85,49,75.43,Yes
2427,Vikram Verma,Male,9,D,80,46,80,88,40,99.72,Yes
2428,Neha Das,Female,9,B,83,96,57,39,36,79.17,Yes
2429,Ananya Nair,Male,11,A,72,92,54,59,93,68.43,No
2430,Aditya Sharma,Female,10,B,38,63,41,86,91,98.09,No
2431,Meera Singh,Female,8,B,87,94,45,68,84,79.23,Yes
2432,Kiran Das,Female,9,C,43,78,97,47,45,77.0,No
2433,Kiran Sharma,Female,11,C,86,61,73,66,46,80.15,No
2434,Sneha Gupta,Male,6,A,52,79,79,89,77,90.34,Yes
2435,Sneha Iyer,Female,9,B,37,60,47,83,98,87.5,No
2436,Meera Gupta,Male,12,D,48,82,71,96,54,60.5,Yes
2437,Rahul Singh,Male,7,C,72,78,76,38,42,99.87,No
2438,Neha Sharma,Male,11,B,98,86,93,65,100,79.13,No
2439,Kiran Reddy,Female,7,A,60,71,66,63,42,61.1,Yes
2440,Aditya Patel,Female,7,C,63,37,97,70,48,77.51,No
2441,Priya Singh,Female,12,D,54,100,98,59,80,63.99,No
2442,Rahul Nair,Female,7,D,76,86,42,35,56,65.1,Yes
2443,Rahul Patel,Female,6,C,83,94,92,48,58,74.38,No
2444,Vikram Gupta,Male,12,C,48,56,99,36,78,62.78,No
2445,Kiran Sharma,Male,12,B,62,51,97,72,70,79.44,Yes
2446,Neha Verma,Female,12,B,88,45,76,52,95,75.64,No
2447,Vikram Singh,Female,8,B,36,53,55,68,54,70.04,No
2448,Sneha Reddy,Male,12,D,65,94,44,73,81,61.66,Yes
2449,Meera Verma,Male,11,B,83,83,50,68,50,84.17,Yes
2450,Neha Das,Male,9,A,38,68,93,46,99,82.71,Yes
2451,Meera Gupta,Male,11,C,83,53,73,97,87,82.41,Yes
2452,Aditya Reddy,Male,7,C,45,70,46,60,43,80.63,Yes
2453,Vikram Reddy,Female,6,C,45,64,55,75,49,77.8,Yes
2454,Aditya Singh,Female,6,C,88,35,70,41,84,78.13,No
2455,Vikram Iyer,Male,6,A,60,48,68,80,84,70.87,No
2456,Rahul Nair,Female,8,D,69,41,93,69,38,68.9,No
2457,Aditya Singh,Female,6,B,66,48,64,85,71,63.56,No
2458,Aditya Reddy,Male,12,D,37,63,56,89,92,74.02,Yes
2459,Vikram Sharma,Female,9,D,65,46,39,45,38,99.86,No
2460,Priya Singh,Female,12,A,56,76,63,85,39,75.54,No
2461,Arjun Sharma,Female,9,C,86,94,73,83,69,80.35,Yes
2462,Ananya Sharma,Male,9,A,38,41,93,94,35,90.14,No
2463,Ananya Patel,Female,8,C,60,60,39,91,48,64.43,Yes
2464,Ananya Reddy,Female,12,A,39,70,38,56,46,70.72,No
2465,Meera Kumar,Female,12,D,92,70,64,64,64,86.62,No
2466,Neha Das,Female,8,B,64,48,96,38,62,89.08,No
2467,Sneha Sharma,Male,8,B,84,86,79,62,84,88.71,No
2468,Ananya Patel,Male,9,B,73,89,54,69,99,79.81,Yes
2469,Sneha Verma,Female,12,D,77,66,54,96,84,82.14,Yes
2470,Aditya Reddy,Male,8,B,50,96,84,91,39,77.22,No
2471,Priya Verma,Male,9,B,75,94,51,50,50,75.54,No
2472,Arjun Das,Male,8,C,85,73,86,61,92,60.62,No
2473,Priya Kumar,Female,6,B,65,67,51,95,47,88.97,No
2474,Kiran Gupta,Male,8,C,51,42,77,38,57,75.58,Yes
2475,Arjun Sharma,Male,12,A,42,45,76,89,44,76.61,No
2476,Sneha Verma,Female,12,C,100,45,52,46,64,60.05,Yes
2477,Sneha Verma,Female,11,D,41,86,96,51,60,86.95,Yes
2478,Meera Sharma,Female,11,C,50,98,94,66,87,94.24,No
2479,Priya Das,Male,10,B,51,44,52,52,37,76.43,Yes
2480,Vikram Das,Female,6,D,84,43,63,38,54,67.58,No
2481,Meera Das,Male,9,B,75,43,87,94,90,70.96,Yes
2482,Rahul Patel,Male,11,B,57,78,52,54,86,92.2,Yes
2483,Rahul Das,Male,9,C,76,56,58,75,58,96.28,No
2484,Aditya Singh,Female,11,C,66,89,90,99,49,94.88,Yes
2485,Meera Singh,Male,7,A,89,67,38,38,76,82.48,No
2486,Meera Kumar,Female,11,C,42,84,56,96,96,97.16,Yes
2487,Rahul Kumar,Male,11,B,37,69,84,65,94,66.73,No
2488,Rahul Das,Female,11,A,62,53,59,76,100,71.88,Yes
2489,Rahul Gupta,Female,8,D,94,64,93,60,80,99.07,No
2490,Priya Reddy,Male,8,D,69,45,44,43,96,87.02,No
2491,Ananya Sharma,Male,11,D,53,80,85,94,90,64.16,Yes
2492,Priya Verma,Female,11,B,61,61,38,36,40,74.46,Yes
2493,Arjun Verma,Male,10,B,67,52,100,94,63,98.46,Yes
2494,Meera Sharma,Female,11,B,45,56,91,64,89,99.26,No
2495,Vikram Kumar,Male,7,A,95,52,35,43,92,93.8,No
2496,Rahul Verma,Female,8,A,90,55,97,90,61,85.17,No
2497,Meera Nair,Female,8,C,46,37,37,81,45,61.29,Yes
2498,Neha Singh,Female,11,B,51,89,57,61,41,60.51,No
2499,Arjun Iyer,Male,7,B,76,39,54,64,35,88.22,Yes
2500,Aditya Nair,Female,7,D,77,61,49,90,53,93.98,Yes
2501,Neha Reddy,Female,11,D,63,50,89,89,84,93.45,No
2502,Aditya Sharma,Male,7,A,67,82,70,67,43,97.71,No
2503,Meera Das,Female,8,D,35,38,71,72,77,82.09,Yes
2504,Priya Reddy,Female,9,C,53,87,56,35,51,71.83,Yes
2505,Priya Sharma,Female,12,A,87,88,47,59,50,73.2,Yes
2506,Priya Kumar,Male,11,B,55,52,41,76,99,93.5,Yes
2507,Ananya Iyer,Female,7,C,69,42,74,98,86,66.97,No
2508,Sneha Gupta,Female,6,A,46,49,77,55,76,72.77,No
2509,Rahul Iyer,Female,11,B,86,40,63,45,91,71.05,Yes
2510,Sneha Sharma,Female,8,A,95,50,90,43,74,93.07,Yes
2511,Rahul Gupta,Male,8,C,72,81,58,40,76,89.46,No
2512,Neha Das,Female,8,D,98,46,48,59,92,99.58,Yes
2513,Arjun Singh,Female,9,D,53,91,67,76,48,63.51,No
2514,Arjun Verma,Female,10,D,39,48,79,56,58,64.65,Yes
2515,Sneha Das,Female,6,A,100,60,69,93,90,87.23,Yes
2516,Rahul Verma,Male,6,D,70,84,48,49,66,89.22,No
2517,Neha Gupta,Male,9,A,77,85,41,63,62,80.83,No
2518,Vikram Verma,Female,12,B,100,81,100,85,100,86.08,No
2519,Sneha Gupta,Female,9,B,41,36,35,95,65,79.86,No
2520,Neha Gupta,Female,12,C,75,94,67,74,70,64.41,Yes
2521,Ananya Das,Male,11,D,52,84,78,71,64,71.91,No
2522,Priya Gupta,Male,11,D,38,68,66,78,100,68.37,No
2523,Neha Sharma,Female,12,D,81,99,75,92,99,90.25,No
2524,Priya Das,Male,9,D,74,62,74,39,97,93.64,Yes
2525,Arjun Iyer,Male,12,D,94,84,47,59,75,86.3,Yes
2526,Ananya Verma,Male,9,B,54,59,60,99,76,71.3,Yes
2527,Sneha Das,Female,7,C,40,58,63,46,52,97.19,No
2528,Priya Patel,Male,9,B,75,77,50,71,92,66.24,Yes
2529,Sneha Nair,Male,7,C,96,97,44,72,89,91.69,No
2530,Arjun Gupta,Male,11,C,75,82,79,92,40,96.53,Yes
2531,Arjun Sharma,Female,6,D,67,44,59,88,74,70.62,No
2532,Neha Singh,Female,12,D,49,55,48,66,46,98.26,Yes
2533,Ananya Sharma,Female,8,A,91,86,48,54,56,94.77,Yes
2534,Arjun Kumar,Female,8,C,88,80,66,35,67,74.84,No
2535,Priya Gupta,Female,6,B,87,62,77,89,35,79.99,No
2536,Vikram Gupta,Female,12,B,64,52,97,87,59,83.06,Yes
2537,Aditya Das,Male,6,B,66,86,83,53,89,95.59,Yes
2538,Rahul Nair,Male,6,D,82,78,37,86,48,78.32,Yes
2539,Kiran Iyer,Male,11,A,78,48,57,39,42,68.29,Yes
2540,Aditya Singh,Male,9,D,95,55,49,83,58,89.12,Yes
2541,Sneha Patel,Male,11,B,83,53,49,35,78,68.97,No
2542,Meera Nair,Male,9,A,42,51,53,100,64,86.09,No
2543,Aditya Nair,Female,12,A,75,71,76,97,91,91.57,Yes
2544,Arjun Das,Male,7,B,38,45,56,88,41,96.06,No
2545,Kiran Das,Female,10,C,52,69,97,87,36,93.79,No
2546,Arjun Das,Female,9,B,67,78,57,81,94,68.7,No
2547,Aditya Iyer,Female,10,C,36,91,35,69,88,72.72,No
2548,Ananya Sharma,Female,6,B,100,99,93,54,74,66.2,Yes
2549,Neha Nair,Male,9,A,83,67,50,91,38,60.05,Yes
2550,Ananya Reddy,Female,6,C,84,85,100,36,60,62.97,No
2551,Kiran Singh,Female,12,C,43,53,94,59,50,95.2,No
2552,Rahul Verma,Female,7,C,69,45,86,37,45,83.07,Yes
2553,Neha Verma,Female,10,A,91,35,50,95,35,87.69,No
2554,Ananya Reddy,Female,7,A,96,94,48,42,95,93.08,Yes
2555,Aditya Patel,Male,9,C,91,83,92,54,72,76.49,Yes
2556,Priya Reddy,Male,6,A,41,95,41,48,98,82.21,No
2557,Arjun Nair,Male,8,A,54,79,71,95,55,87.44,Yes
2558,Neha Nair,Male,6,A,57,95,81,95,69,85.94,No
2559,Sneha Gupta,Female,8,D,74,67,56,79,54,75.34,No
2560,Rahul Sharma,Female,6,D,71,49,79,62,91,71.67,No
2561,Meera Patel,Male,9,B,91,89,85,92,83,81.34,No
2562,Arjun Verma,Female,8,D,46,93,73,40,81,80.84,No
2563,Vikram Verma,Male,8,C,39,100,42,62,78,80.13,Yes
2564,Aditya Sharma,Female,9,C,68,77,38,90,61,67.31,No
2565,Sneha Kumar,Male,9,A,47,49,46,42,82,92.03,Yes
2566,Vikram Singh,Female,11,D,100,76,63,56,44,69.71,No
2567,Meera Verma,Male,6,D,60,70,36,40,54,65.91,No
2568,Aditya Nair,Female,10,D,52,36,77,77,72,81.87,Yes
2569,Neha Verma,Female,12,A,53,43,71,95,67,84.35,No
2570,Ananya Singh,Female,6,C,57,66,93,48,96,88.84,No
2571,Ananya Nair,Male,8,D,45,93,58,98,78,81.41,No
2572,Priya Nair,Male,9,D,89,99,93,94,95,73.23,No
2573,Priya Verma,Female,9,C,43,65,70,35,49,96.72,Yes
2574,Neha Patel,Female,6,C,90,58,93,77,43,99.51,Yes
2575,Aditya Das,Male,10,A,49,54,70,71,72,79.14,Yes
2576,Kiran Kumar,Female,6,A,81,87,86,52,51,88.05,Yes
2577,Arjun Iyer,Male,11,D,77,67,38,75,64,64.09,Yes
2578,Rahul Nair,Female,11,C,65,66,41,62,91,98.41,Yes
2579,Ananya Reddy,Female,11,B,71,73,93,80,88,67.52,Yes
2580,Meera Nair,Male,7,A,97,58,97,41,85,76.65,No
2581,Aditya Kumar,Female,10,D,83,64,80,90,76,88.35,No
2582,Meera Verma,Male,7,B,78,52,44,56,83,77.31,Yes
2583,Priya Gupta,Female,9,C,57,99,55,71,92,95.34,No
2584,Rahul Sharma,Male,6,B,56,93,46,56,61,89.83,Yes
2585,Sneha Das,Female,10,D,72,51,91,96,84,65.45,No
2586,Rahul Iyer,Male,10,D,83,38,66,54,35,80.23,No
2587,Ananya Verma,Male,12,C,91,45,35,87,58,86.63,Yes
2588,Sneha Singh,Female,12,C,96,66,78,89,57,67.72,Yes
2589,Ananya Iyer,Male,6,C,77,62,78,80,95,68.73,Yes
2590,Ananya Patel,Male,7,C,92,37,74,55,67,61.67,Yes
2591,Priya Kumar,Female,8,D,63,92,93,39,72,64.17,No
2592,Ananya Verma,Male,8,D,71,86,93,64,85,93.66,No
2593,Kiran Gupta,Male,8,C,100,68,90,98,64,68.29,Yes
2594,Neha Reddy,Male,8,C,80,94,91,38,36,86.37,No
2595,Rahul Patel,Female,8,C,55,88,70,39,97,76.5,No
2596,Sneha Sharma,Male,7,A,63,66,100,38,50,69.65,No
2597,Meera Das,Male,10,B,66,80,89,41,76,95.64,Yes
2598,Arjun Verma,Male,6,C,62,61,93,70,60,73.04,No
2599,Arjun Nair,Female,9,B,100,93,44,75,83,74.63,No
2600,Neha Kumar,Female,11,C,80,98,78,78,82,99.05,Yes
2601,Priya Kumar,Male,11,D,52,45,91,49,73,80.56,No
2602,Meera Verma,Male,10,C,55,75,51,81,53,92.36,Yes
2603,Ananya Verma,Male,12,A,85,75,47,43,58,63.7,No
2604,Ananya Singh,Female,8,B,42,61,40,52,95,85.23,No
2605,Ananya Patel,Male,10,B,73,42,59,81,65,66.89,Yes
2606,Rahul Singh,Female,6,B,60,90,64,72,37,83.03,Yes
2607,Rahul Reddy,Male,8,B,80,96,75,42,38,71.29,No
2608,Neha Singh,Male,7,B,54,76,73,87,36,63.45,Yes
2609,Meera Patel,Female,11,B,68,99,81,95,43,68.09,No
2610,Rahul Iyer,Female,10,D,46,58,98,65,72,92.78,Yes
2611,Meera Nair,Male,12,B,46,61,99,45,63,61.58,No
2612,Neha Singh,Male,7,A,43,83,87,73,81,66.31,Yes
2613,Neha Reddy,Male,10,B,43,62,59,76,85,98.57,Yes
2614,Meera Iyer,Male,7,D,86,97,41,73,43,96.45,Yes
2615,Arjun Patel,Male,10,A,99,96,72,39,76,92.53,Yes
2616,Meera Patel,Male,12,B,37,66,69,68,82,77.19,No
2617,Meera Singh,Female,12,D,79,42,98,93,79,90.05,Yes
2618,Priya Iyer,Male,7,A,83,61,50,85,38,93.41,No
2619,Vikram Reddy,Male,11,A,75,91,38,59,83,94.39,Yes
2620,Arjun Das,Female,12,D,37,36,79,70,86,96.56,No
2621,Kiran Gupta,Male,12,B,66,62,94,42,38,79.73,No
2622,Vikram Sharma,Male,10,D,43,70,41,88,60,69.99,Yes
2623,Aditya Patel,Male,12,D,78,97,72,71,59,84.92,Yes
2624,Sneha Iyer,Female,10,A,98,58,53,76,53,87.44,No
2625,Aditya Kumar,Female,12,A,62,49,88,38,62,96.77,Yes
2626,Sneha Das,Female,10,B,97,60,85,59,53,98.11,Yes
2627,Arjun Singh,Male,9,C,91,81,74,87,88,95.94,No
2628,Vikram Das,Female,11,C,47,85,64,97,46,65.21,No
2629,Sneha Reddy,Female,8,C,56,91,96,86,39,64.87,No
2630,Vikram Singh,Male,10,A,49,69,67,45,82,77.58,Yes
2631,Aditya Patel,Female,6,A,88,83,50,48,74,75.47,Yes
2632,Sneha Das,Male,6,B,86,37,77,78,78,88.37,No
2633,Kiran Kumar,Female,7,D,99,66,83,99,67,97.0,Yes
2634,Ananya Iyer,Male,8,A,60,72,69,75,70,99.68,No
2635,Kiran Das,Male,6,B,35,46,46,87,52,66.09,Yes
2636,Sneha Verma,Female,12,D,69,51,47,91,61,75.62,Yes
2637,Vikram Kumar,Male,10,C,92,37,59,68,38,91.24,Yes
2638,Kiran Kumar,Male,10,A,43,59,87,68,37,69.62,No
2639,Vikram Singh,Male,12,D,94,39,36,88,57,92.42,No
2640,Neha Kumar,Male,8,B,80,67,71,84,89,83.04,No
2641,Rahul Reddy,Female,12,C,90,51,95,78,56,80.02,Yes
2642,Meera Das,Male,11,D,61,69,74,94,71,87.88,No
2643,Neha Nair,Male,8,A,87,62,64,55,89,71.14,No
2644,Meera Sharma,Male,6,D,36,94,48,51,71,85.45,No
2645,Ananya Das,Male,11,B,40,69,73,71,46,87.95,No
2646,Rahul Patel,Female,11,C,54,60,62,96,56,86.98,No
2647,Priya Das,Female,10,A,61,41,52,88,76,75.13,No
2648,Ananya Reddy,Male,8,B,43,94,39,70,44,97.29,Yes
2649,Ananya Gupta,Male,6,D,50,44,73,86,67,70.18,Yes
2650,Meera Gupta,Male,6,D,81,73,57,73,97,68.52,No
2651,Rahul Patel,Female,11,D,72,98,93,35,42,78.75,Yes
2652,Rahul Kumar,Male,7,C,47,55,46,38,55,90.2,No
2653,Ananya Gupta,Male,10,D,86,87,37,53,90,74.42,Yes
2654,Vikram Patel,Female,9,A,87,74,86,52,48,90.74,Yes
2655,Arjun Patel,Female,6,A,92,40,66,97,42,81.11,No
2656,Kiran Gupta,Male,7,A,98,39,100,65,69,80.18,Yes
2657,Kiran Iyer,Female,10,D,87,57,87,79,42,94.1,No
2658,Aditya Kumar,Female,8,D,52,89,95,85,81,87.08,Yes
2659,Neha Verma,Male,10,A,92,69,98,96,79,60.14,Yes
2660,Sneha Singh,Female,12,B,54,42,58,90,57,75.89,Yes
2661,Arjun Patel,Male,12,D,67,79,56,82,91,68.91,Yes
2662,Neha Sharma,Female,12,C,40,83,64,77,46,77.31,No
2663,Rahul Nair,Female,9,D,96,82,50,51,78,88.32,Yes
2664,Ananya Gupta,Male,6,C,61,86,87,61,59,65.44,No
2665,Sneha Patel,Female,7,B,80,86,55,64,94,65.59,Yes
2666,Ananya Nair,Male,8,B,48,39,64,64,95,92.98,Yes
2667,Arjun Verma,Female,7,B,67,39,61,92,36,70.68,Yes
2668,Sneha Patel,Male,11,B,70,81,86,45,51,74.4,No
2669,Vikram Sharma,Female,9,B,91,47,82,49,96,97.98,No
2670,Vikram Sharma,Female,8,C,80,74,73,53,47,74.71,Yes
2671,Ananya Gupta,Male,9,C,38,76,61,53,92,67.93,No
2672,Vikram Verma,Female,10,B,68,51,62,39,63,84.13,No
2673,Vikram Patel,Male,6,C,37,65,56,47,100,74.97,No
2674,Priya Kumar,Male,11,A,51,77,36,85,90,77.38,No
2675,Arjun Das,Female,7,C,98,88,95,46,73,93.15,No
2676,Sneha Nair,Female,11,A,35,64,77,58,74,65.87,No
2677,Kiran Nair,Male,6,C,80,86,65,91,72,68.24,No
2678,Sneha Gupta,Female,10,C,71,35,60,79,76,91.52,No
2679,Kiran Kumar,Female,12,C,60,44,95,42,100,79.62,Yes
2680,Arjun Nair,Male,6,B,94,61,83,83,63,87.32,Yes
2681,Priya Das,Female,7,B,56,61,71,99,92,70.72,Yes
2682,Neha Reddy,Female,11,D,35,47,50,39,36,72.09,No
2683,Kiran Sharma,Female,7,B,87,74,73,92,60,86.58,No
2684,Neha Kumar,Female,6,D,90,42,37,60,98,63.87,No
2685,Aditya Kumar,Male,6,C,79,97,66,69,88,77.41,No
2686,Aditya Iyer,Male,11,B,91,42,76,51,99,97.74,Yes
2687,Priya Das,Female,8,A,59,91,73,92,91,63.62,Yes
2688,Ananya Singh,Male,12,C,80,40,86,100,75,84.76,Yes
2689,Kiran Nair,Female,6,B,65,40,100,84,70,75.73,Yes
2690,Aditya Patel,Female,12,B,80,67,86,77,57,99.87,Yes
2691,Meera Kumar,Female,6,B,99,92,43,35,40,68.38,No
2692,Kiran Gupta,Female,9,D,35,73,42,62,96,76.09,No
2693,Aditya Iyer,Female,11,A,45,89,45,58,57,64.63,No
2694,Arjun Patel,Female,11,C,79,87,99,43,40,61.7,No
2695,Meera Kumar,Male,7,B,82,51,88,86,35,64.02,Yes
2696,Vikram Kumar,Female,11,A,38,56,78,96,59,91.59,Yes
2697,Meera Sharma,Male,7,C,80,94,47,46,82,82.36,No
2698,Meera Gupta,Female,10,A,59,86,82,39,80,73.44,Yes
2699,Neha Patel,Female,10,D,45,99,90,98,44,79.32,Yes
2700,Aditya Gupta,Male,10,B,55,81,37,97,47,84.01,Yes
2701,Rahul Gupta,Male,7,B,44,59,70,80,55,98.47,Yes
2702,Neha Singh,Male,11,A,62,96,44,95,98,74.53,No
2703,Kiran Nair,Female,8,A,84,86,48,43,58,96.2,Yes
2704,Arjun Patel,Male,9,C,44,89,75,97,46,66.72,Yes
2705,Vikram Das,Male,12,A,45,50,51,64,63,67.83,Yes
2706,Priya Kumar,Female,10,B,42,89,54,63,49,91.63,No
2707,Neha Das,Male,12,A,84,48,86,41,71,74.37,No
2708,Rahul Reddy,Male,7,A,62,89,35,50,86,91.44,Yes
2709,Vikram Sharma,Female,8,D,40,44,98,48,67,61.53,Yes
2710,Aditya Das,Female,8,C,80,38,86,36,77,93.15,Yes
2711,Kiran Nair,Female,8,C,85,90,63,79,40,79.48,Yes
2712,Neha Singh,Male,8,B,37,72,80,93,91,96.31,Yes
2713,Priya Patel,Female,9,D,84,45,79,59,40,63.83,No
2714,Ananya Nair,Female,6,D,72,83,75,36,52,98.64,No
2715,Rahul Gupta,Female,9,A,50,84,84,52,86,77.42,Yes
2716,Aditya Gupta,Male,8,D,87,96,40,50,85,74.78,Yes
2717,Ananya Iyer,Female,6,B,43,81,98,51,61,63.47,Yes
2718,Priya Nair,Female,7,B,78,54,78,84,39,60.03,No
2719,Vikram Gupta,Female,10,D,43,92,58,48,81,98.23,Yes
2720,Priya Nair,Male,11,C,64,77,60,46,59,88.76,No
2721,Priya Das,Male,8,B,71,54,66,54,51,89.02,Yes
2722,Arjun Gupta,Male,7,C,68,63,48,70,44,71.24,Yes
2723,Vikram Iyer,Male,8,B,94,96,54,73,40,90.25,Yes
2724,Meera Das,Male,7,A,62,97,45,99,48,86.13,Yes
2725,Neha Das,Male,12,C,55,87,79,94,90,92.43,No
2726,Priya Verma,Female,9,C,79,51,88,62,73,80.09,Yes
2727,Sneha Iyer,Male,8,C,72,58,51,76,60,73.08,Yes
2728,Ananya Verma,Male,10,A,77,40,66,67,78,74.62,Yes
2729,Vikram Iyer,Male,6,C,91,85,95,90,83,96.6,Yes
2730,Vikram Nair,Female,8,C,99,92,45,51,42,85.03,No
2731,Sneha Reddy,Male,11,D,81,59,48,82,52,75.85,Yes
2732,Arjun Iyer,Female,11,A,67,68,63,35,50,60.61,No
2733,Meera Singh,Female,8,B,83,74,80,94,74,70.85,Yes
2734,Sneha Reddy,Female,6,A,81,64,64,66,70,91.42,No
2735,Rahul Gupta,Female,12,D,38,46,38,40,61,91.67,No
2736,Sneha Singh,Female,10,D,81,80,87,43,99,63.69,No
2737,Vikram Das,Male,11,B,49,81,54,98,67,68.69,No
2738,Sneha Verma,Male,9,C,40,61,62,50,55,66.7,Yes
2739,Neha Kumar,Female,10,A,91,36,72,92,61,87.43,No
2740,Vikram Patel,Female,10,D,74,93,95,98,67,60.26,Yes
2741,Sneha Das,Female,9,C,86,36,35,92,83,98.49,Yes
2742,Rahul Verma,Male,6,B,51,50,62,99,88,94.61,Yes
2743,Ananya Verma,Female,12,D,52,89,68,62,61,67.9,Yes
2744,Aditya Kumar,Female,10,B,39,86,86,85,39,95.5,No
2745,Sneha Reddy,Male,7,C,68,61,78,70,46,64.5,No
2746,Kiran Kumar,Male,7,C,58,50,38,84,65,78.71,Yes
2747,Ananya Sharma,Female,10,B,83,67,47,45,87,89.06,No
2748,Priya Verma,Female,10,C,56,44,66,98,60,96.86,Yes
2749,Kiran Patel,Female,8,D,57,97,86,94,89,80.79,No
2750,Ananya Kumar,Male,8,D,44,61,74,46,97,70.27,Yes
2751,Neha Kumar,Male,12,A,73,57,90,97,51,67.68,Yes
2752,Ananya Das,Male,8,A,39,47,44,45,63,84.39,No
2753,Aditya Verma,Male,8,C,58,60,87,67,98,84.74,Yes
2754,Aditya Gupta,Male,6,A,85,47,84,67,93,88.16,Yes
2755,Aditya Gupta,Male,8,D,63,38,83,93,83,78.47,Yes
2756,Kiran Iyer,Male,6,D,50,40,58,59,93,67.25,No
2757,Sneha Nair,Male,8,D,91,55,69,81,95,64.14,No
2758,Priya Iyer,Male,7,D,94,35,50,49,77,72.33,Yes
2759,Ananya Iyer,Male,11,B,87,35,89,100,78,76.25,No
2760,Meera Sharma,Female,11,D,60,79,99,83,96,94.48,No
2761,Sneha Patel,Female,8,C,98,41,56,83,60,66.02,No
2762,Ananya Das,Female,10,D,68,77,91,84,84,84.76,No
2763,Ananya Reddy,Female,8,B,70,91,67,75,39,88.68,Yes
2764,Aditya Sharma,Female,7,D,98,56,35,69,85,72.59,Yes
2765,Neha Singh,Female,6,B,91,79,70,39,96,81.0,No
2766,Sneha Verma,Male,7,C,86,59,58,50,66,76.28,No
2767,Aditya Verma,Male,11,C,38,95,63,93,61,62.21,No
2768,Meera Kumar,Male,11,D,62,57,67,38,75,64.13,Yes
2769,Kiran Kumar,Male,12,D,90,61,60,72,85,78.69,No
2770,Aditya Das,Female,11,A,66,62,52,97,60,92.89,No
2771,Aditya Reddy,Female,10,B,41,71,43,41,46,60.85,No
2772,Kiran Sharma,Female,12,A,76,49,85,73,68,83.68,No
2773,Ananya Gupta,Female,7,B,65,37,89,46,68,70.06,No
2774,Ananya Kumar,Female,11,D,61,78,37,79,58,76.4,Yes
2775,Ananya Sharma,Female,12,D,77,90,95,42,96,63.41,Yes
2776,Rahul Gupta,Male,7,D,47,62,49,51,59,79.68,No
2777,Priya Gupta,Female,11,A,61,66,98,87,99,77.84,No
2778,Vikram Sharma,Female,10,A,40,86,81,50,38,92.75,No
2779,Arjun Iyer,Male,9,B,73,91,69,100,60,92.22,Yes
2780,Aditya Verma,Female,9,B,90,77,71,35,72,95.11,Yes
2781,Ananya Nair,Male,10,A,59,50,92,99,66,91.67,No
2782,Aditya Patel,Male,9,D,76,99,69,68,69,95.55,No
2783,Neha Patel,Male,7,B,39,94,82,90,35,93.79,No
2784,Rahul Das,Male,6,C,55,61,39,51,86,75.24,Yes
2785,Arjun Gupta,Male,7,C,86,80,68,35,66,61.17,Yes
2786,Priya Singh,Male,12,B,94,61,55,38,50,65.84,No
2787,Sneha Reddy,Female,6,A,72,51,60,45,52,87.99,No
2788,Vikram Nair,Male,8,A,39,65,42,79,73,81.23,No
2789,Sneha Verma,Female,9,D,92,61,54,69,77,85.52,No
2790,Sneha Verma,Male,8,A,55,97,53,59,100,94.81,No
2791,Aditya Nair,Female,12,A,99,78,58,81,81,85.86,No
2792,Vikram Verma,Male,8,C,40,66,41,100,50,83.01,No
2793,Aditya Singh,Female,9,A,78,36,72,100,71,83.41,Yes
2794,Priya Sharma,Male,11,C,71,87,72,40,65,96.7,Yes
2795,Ananya Das,Female,8,C,61,82,77,100,100,63.11,Yes
2796,Vikram Nair,Male,9,D,77,73,92,92,98,97.35,No
2797,Priya Gupta,Male,8,C,50,51,62,100,92,65.94,No
2798,Neha Patel,Female,10,D,39,37,98,42,71,94.97,No
2799,Neha Singh,Female,10,D,94,68,48,90,89,65.3,No
2800,Kiran Iyer,Male,7,C,81,63,78,38,56,91.06,No
2801,Ananya Singh,Male,9,C,50,54,54,97,53,87.18,No
2802,Priya Patel,Male,8,C,49,60,70,48,98,96.26,Yes
2803,Arjun Kumar,Female,8,C,65,72,80,80,78,95.51,No
2804,Kiran Nair,Male,9,B,61,82,96,88,88,80.36,No
2805,Arjun Singh,Male,6,D,41,72,60,45,95,63.55,No
2806,Ananya Verma,Female,12,B,46,93,64,63,85,82.24,Yes
2807,Neha Patel,Male,11,D,39,99,79,38,46,61.34,No
2808,Vikram Patel,Male,6,A,82,61,57,40,55,76.24,Yes
2809,Arjun Gupta,Male,11,B,62,90,66,98,40,67.4,Yes
2810,Sneha Verma,Female,10,B,43,62,73,71,92,80.79,No
2811,Ananya Das,Female,7,C,52,36,64,73,100,87.97,Yes
2812,Aditya Nair,Female,9,C,96,70,54,87,74,70.99,Yes
2813,Aditya Iyer,Male,12,B,98,90,87,65,91,83.76,No
2814,Vikram Reddy,Female,9,C,69,56,74,84,92,86.55,No
2815,Aditya Das,Male,12,C,66,46,76,77,90,76.14,Yes
2816,Sneha Gupta,Female,6,B,83,36,83,69,84,75.62,Yes
2817,Meera Verma,Male,12,B,53,66,52,69,84,82.41,Yes
2818,Rahul Sharma,Male,9,B,64,97,69,41,84,87.02,Yes
2819,Sneha Verma,Female,9,C,76,98,99,66,41,97.13,No
2820,Priya Gupta,Female,11,C,92,86,82,93,99,75.41,Yes
2821,Arjun Kumar,Female,6,B,85,96,89,68,67,97.63,No
2822,Sneha Das,Male,7,D,39,82,87,48,67,98.49,No
2823,Sneha Singh,Female,7,A,42,72,54,46,100,77.25,No
2824,Ananya Reddy,Female,7,A,66,76,45,46,79,86.83,Yes
2825,Priya Das,Female,11,A,65,63,75,75,41,81.74,No
2826,Sneha Nair,Male,11,D,89,87,61,58,97,86.86,Yes
2827,Aditya Nair,Male,7,A,35,86,40,99,44,89.47,No
2828,Arjun Sharma,Female,7,B,45,69,79,93,72,83.22,No
2829,Priya Gupta,Male,8,B,95,37,58,79,89,63.83,Yes
2830,Aditya Patel,Female,10,B,40,74,35,96,96,89.26,No
2831,Meera Patel,Male,9,A,36,54,52,48,86,81.99,No
2832,Aditya Kumar,Male,12,D,49,71,92,65,54,61.75,Yes
2833,Meera Gupta,Male,9,C,66,46,57,87,89,76.45,No
2834,Arjun Nair,Male,7,D,46,87,80,78,100,60.89,Yes
2835,Aditya Iyer,Female,8,C,54,88,93,52,41,86.98,No
2836,Ananya Sharma,Male,9,C,49,35,35,80,90,81.99,Yes
2837,Kiran Gupta,Male,8,D,44,44,57,45,46,93.98,No
2838,Neha Patel,Male,7,C,59,64,64,37,82,70.91,No
2839,Neha Kumar,Male,12,D,77,95,42,91,72,67.53,Yes
2840,Vikram Patel,Male,7,C,57,85,68,87,77,85.12,No
2841,Meera Gupta,Male,7,A,73,43,43,76,74,81.77,Yes
2842,Priya Reddy,Male,10,B,59,71,85,81,66,68.97,No
2843,Sneha Patel,Male,8,D,82,73,59,94,41,60.12,No
2844,Meera Das,Female,7,D,92,39,53,47,94,60.43,No
2845,Ananya Sharma,Male,12,B,78,56,63,62,95,63.7,No
2846,Kiran Verma,Male,9,D,91,82,39,80,47,79.74,Yes
2847,Neha Patel,Male,12,A,42,79,81,45,83,84.26,Yes
2848,Sneha Reddy,Female,10,B,83,71,98,38,67,88.91,Yes
2849,Kiran Kumar,Female,12,C,54,77,60,82,94,60.86,No
2850,Kiran Kumar,Male,10,C,85,58,36,95,76,77.02,Yes
2851,Ananya Reddy,Male,9,A,51,84,43,50,90,80.5,Yes
2852,Meera Sharma,Male,9,A,43,70,35,43,94,61.96,Yes
2853,Rahul Iyer,Female,11,B,38,79,94,94,97,94.05,Yes
2854,Meera Singh,Female,7,D,99,51,47,48,77,77.07,No
2855,Aditya Das,Male,9,D,60,75,81,84,49,99.62,Yes
2856,Rahul Sharma,Female,12,A,61,82,86,65,93,91.88,Yes
2857,Priya Sharma,Male,9,C,48,89,94,69,88,85.56,Yes
2858,Priya Verma,Male,10,B,49,97,98,68,100,77.97,No
2859,Ananya Iyer,Male,8,C,74,62,65,82,84,84.18,No
2860,Meera Nair,Female,7,A,45,60,42,83,67,77.03,Yes
2861,Rahul Das,Female,6,A,88,59,61,82,65,87.13,Yes
2862,Meera Patel,Female,10,B,40,76,85,51,100,91.91,No
2863,Priya Patel,Male,8,C,57,89,56,41,52,83.93,No
2864,Vikram Iyer,Female,9,A,49,58,55,86,60,71.62,No
2865,Meera Iyer,Male,10,B,51,52,63,45,91,85.79,No
2866,Priya Sharma,Male,10,C,91,82,42,75,76,98.62,No
2867,Ananya Gupta,Male,9,C,61,44,51,73,62,72.07,No
2868,Sneha Kumar,Male,10,A,43,77,98,80,39,94.28,Yes
2869,Ananya Nair,Male,10,C,100,39,59,83,82,78.03,No
2870,Kiran Nair,Female,7,B,47,87,83,93,35,92.26,No
2871,Priya Sharma,Female,10,C,64,69,69,48,42,91.43,Yes
2872,Arjun Singh,Male,12,D,95,68,59,79,70,93.66,Yes
2873,Meera Sharma,Male,12,A,99,88,49,62,54,90.51,Yes
2874,Priya Iyer,Female,7,C,99,44,47,46,76,88.67,Yes
2875,Sneha Singh,Female,8,D,41,46,87,71,55,75.37,No
2876,Priya Kumar,Female,9,B,35,57,50,64,78,88.36,No
2877,Neha Nair,Male,11,B,71,35,97,45,91,69.84,No
2878,Sneha Singh,Female,9,A,78,68,95,41,41,76.68,Yes
2879,Neha Verma,Male,6,D,80,48,85,59,78,65.34,No
2880,Meera Nair,Male,7,B,72,48,97,78,86,62.7,Yes
2881,Neha Kumar,Female,8,A,77,69,50,59,62,86.96,No
2882,Kiran Kumar,Male,7,C,43,77,90,75,49,77.57,Yes
2883,Priya Iyer,Male,10,A,77,57,73,57,56,63.43,Yes
2884,Meera Singh,Male,10,C,99,49,72,49,71,60.27,Yes
2885,Sneha Verma,Female,11,D,59,50,71,56,87,72.86,Yes
2886,Meera Nair,Male,6,D,73,40,54,41,99,85.86,No
2887,Kiran Gupta,Female,9,C,73,44,53,94,58,97.58,Yes
2888,Sneha Das,Female,11,C,48,88,74,69,50,99.85,No
2889,Sneha Nair,Male,10,A,47,47,59,42,75,95.31,Yes
2890,Meera Kumar,Female,12,B,65,72,58,67,36,89.09,Yes
2891,Aditya Das,Male,9,D,45,66,55,36,52,72.53,No
2892,Rahul Patel,Female,9,A,92,95,84,38,74,90.91,Yes
2893,Neha Verma,Female,11,D,85,95,73,41,98,79.47,Yes
2894,Meera Sharma,Female,11,C,57,72,41,37,65,93.3,Yes
2895,Priya Reddy,Male,11,D,53,71,94,52,79,71.06,No
2896,Priya Singh,Male,9,B,57,97,90,64,75,87.97,Yes
2897,Vikram Reddy,Male,12,B,83,59,56,93,89,80.64,No
2898,Arjun Singh,Male,11,B,80,93,64,45,82,83.15,Yes
2899,Meera Das,Male,11,A,59,75,66,74,94,88.8,No
2900,Arjun Iyer,Male,9,D,82,35,73,71,86,67.91,No
2901,Ananya Das,Female,11,D,51,44,65,36,76,96.48,No
2902,Meera Gupta,Female,10,C,80,70,56,55,82,83.31,No
2903,Meera Patel,Male,11,A,76,43,79,72,47,83.27,Yes
2904,Priya Reddy,Male,6,D,98,74,78,48,64,99.09,No
2905,Sneha Das,Female,11,A,77,38,67,43,97,69.49,Yes
2906,Rahul Patel,Female,7,D,97,99,94,40,60,95.34,Yes
2907,Sneha Verma,Male,7,A,91,43,64,80,74,86.99,No
2908,Rahul Reddy,Male,7,D,75,89,66,98,62,62.81,No
2909,Neha Patel,Male,6,A,99,86,55,65,41,92.66,No
2910,Neha Singh,Male,6,B,47,100,37,66,88,71.91,No
2911,Meera Sharma,Male,7,A,99,54,73,44,67,60.95,Yes
2912,Ananya Sharma,Male,10,C,89,43,89,95,92,85.66,Yes
2913,Rahul Reddy,Female,10,D,36,61,51,37,70,67.51,No
2914,Ananya Singh,Male,11,B,74,74,51,48,40,76.45,Yes
2915,Arjun Sharma,Female,12,D,35,43,36,72,49,67.97,Yes
2916,Priya Kumar,Female,11,D,73,52,41,95,53,87.39,Yes
2917,Sneha Gupta,Female,9,D,51,45,97,83,44,88.43,No
2918,Vikram Iyer,Female,9,D,91,82,43,62,99,79.22,Yes
2919,Rahul Patel,Male,10,B,93,55,40,70,99,79.06,Yes
2920,Aditya Kumar,Male,10,C,75,78,99,87,100,92.34,Yes
2921,Ananya Patel,Female,6,A,98,86,74,40,66,85.06,Yes
2922,Priya Iyer,Female,10,C,59,48,76,65,85,88.81,Yes
2923,Priya Singh,Female,10,B,65,58,92,45,75,70.07,No
2924,Sneha Verma,Female,12,D,93,36,52,41,94,98.54,Yes
2925,Priya Patel,Female,10,C,58,42,79,80,79,88.76,Yes
2926,Priya Singh,Female,12,A,92,87,93,94,99,94.98,Yes
2927,Rahul Reddy,Male,11,A,93,52,36,70,37,90.76,No
2928,Ananya Reddy,Male,12,B,72,86,48,91,81,86.75,Yes
2929,Aditya Reddy,Male,11,C,89,87,96,45,88,70.28,No
2930,Rahul Das,Male,12,C,73,98,42,68,88,78.8,Yes
2931,Arjun Reddy,Female,9,A,64,66,55,76,94,91.06,No
2932,Aditya Patel,Male,9,B,52,74,83,89,96,86.29,No
2933,Neha Sharma,Male,11,A,68,64,100,47,94,77.69,Yes
2934,Aditya Das,Male,8,D,37,71,50,48,59,62.37,No
2935,Aditya Patel,Male,7,A,68,80,83,82,47,80.4,Yes
2936,Rahul Iyer,Female,10,A,95,42,37,66,69,69.68,No
2937,Aditya Patel,Male,8,D,95,72,38,77,61,75.2,No
2938,Meera Nair,Male,6,A,78,68,48,43,49,83.67,Yes
2939,Rahul Sharma,Female,6,D,48,66,86,61,41,91.36,No
2940,Rahul Nair,Male,11,C,68,55,89,91,66,89.93,No
2941,Sneha Verma,Female,11,B,75,89,50,50,87,64.35,No
2942,Neha Gupta,Female,8,B,87,45,70,77,75,68.39,No
2943,Vikram Nair,Female,10,B,82,42,48,69,74,98.7,Yes
2944,Sneha Nair,Male,8,C,64,79,100,42,61,97.96,No
2945,Rahul Verma,Male,8,A,98,75,40,98,100,63.52,No
2946,Sneha Kumar,Female,12,C,51,80,58,70,95,79.69,No
2947,Aditya Singh,Female,10,D,68,66,39,74,89,71.29,Yes
2948,Arjun Das,Male,9,B,84,73,90,51,93,74.57,No
2949,Sneha Iyer,Female,10,B,80,72,83,37,47,65.59,Yes
2950,Aditya Sharma,Female,7,C,67,80,60,90,40,63.7,No
2951,Arjun Gupta,Male,7,C,94,38,91,53,85,98.09,No
2952,Meera Iyer,Female,7,A,85,42,62,51,82,62.35,Yes
2953,Neha Singh,Male,11,C,69,54,93,80,54,87.43,Yes
2954,Kiran Reddy,Female,10,C,88,68,78,74,80,88.45,No
2955,Ananya Verma,Male,7,D,59,48,98,71,53,77.58,Yes
2956,Vikram Patel,Male,12,B,70,38,55,62,61,75.77,Yes
2957,Ananya Das,Male,9,D,69,38,70,40,70,89.14,No
2958,Priya Kumar,Male,6,B,83,64,99,45,50,98.59,No
2959,Arjun Nair,Male,10,B,39,96,72,78,80,66.79,Yes
2960,Ananya Das,Female,9,C,58,61,61,75,68,68.68,Yes
2961,Ananya Patel,Male,11,D,62,88,58,45,79,64.79,Yes
2962,Rahul Das,Male,9,D,56,43,67,59,67,98.15,No
2963,Neha Das,Female,7,D,43,81,80,95,66,64.46,Yes
2964,Priya Nair,Male,10,B,43,93,63,38,81,62.07,Yes
2965,Sneha Iyer,Female,12,B,48,51,95,59,70,97.65,No
2966,Vikram Kumar,Male,12,B,93,82,38,54,87,81.76,Yes
2967,Arjun Gupta,Male,9,B,57,38,96,45,55,97.75,Yes
2968,Vikram Gupta,Female,8,B,66,76,87,39,51,69.38,Yes
2969,Priya Gupta,Female,8,A,93,81,92,38,60,66.69,Yes
2970,Vikram Verma,Male,12,D,35,71,43,94,78,60.47,No
2971,Meera Patel,Male,6,D,100,89,98,79,97,72.98,No
2972,Arjun Gupta,Female,10,A,73,77,40,72,91,67.04,Yes
2973,Kiran Das,Female,11,D,51,92,57,99,89,98.22,Yes
2974,Vikram Reddy,Female,12,B,40,74,63,69,76,96.53,No
2975,Kiran Nair,Male,9,D,68,59,72,60,71,64.26,No
2976,Ananya Singh,Male,9,D,100,81,75,92,69,84.82,Yes
2977,Arjun Das,Female,9,B,89,72,46,99,92,84.99,No
2978,Vikram Gupta,Female,7,D,95,41,44,55,70,83.0,Yes
2979,Kiran Singh,Female,11,B,68,66,91,36,69,77.62,No
2980,Arjun Iyer,Male,9,C,43,100,92,82,85,91.45,Yes
2981,Kiran Gupta,Male,12,A,63,55,95,61,78,91.05,Yes
2982,Rahul Kumar,Female,9,B,44,54,66,35,38,82.1,No
2983,Ananya Verma,Female,12,A,82,64,53,74,58,73.62,No
2984,Kiran Sharma,Male,10,A,77,97,62,87,40,87.91,Yes
2985,Arjun Patel,Female,6,B,86,78,59,51,100,72.93,No
2986,Neha Gupta,Female,12,D,38,98,40,89,40,61.0,No
2987,Kiran Reddy,Female,12,B,66,91,39,41,70,89.33,Yes
2988,Ananya Singh,Female,7,D,91,45,83,65,99,96.42,No
2989,Kiran Nair,Male,8,D,97,73,35,76,67,98.89,No
2990,Kiran Reddy,Male,8,D,74,43,70,56,97,80.24,Yes
2991,Meera Singh,Male,11,D,57,88,61,68,57,63.29,Yes
2992,Rahul Patel,Male,10,B,50,75,38,36,94,87.95,Yes
2993,Sneha Nair,Male,8,C,100,68,79,88,93,96.95,No
2994,Meera Kumar,Female,6,D,83,84,35,72,75,76.71,Yes
2995,Neha Reddy,Male,9,C,82,91,86,97,92,90.07,No
2996,Priya Iyer,Female,9,D,67,96,85,40,80,65.03,No
2997,Rahul Gupta,Female,8,C,76,58,44,97,81,62.48,No
2998,Vikram Nair,Female,7,D,81,73,70,53,56,60.2,Yes
2999,Vikram Kumar,Male,9,B,94,64,90,70,39,62.47,No
3000,Rahul Singh,Female,12,D,60,39,66,55,46,70.28,Yes
3001,Sneha Reddy,Male,10,B,65,37,45,48,49,92.04,No
3002,Arjun Das,Female,8,C,78,98,75,82,52,87.86,No
3003,Rahul Gupta,Female,6,C,44,70,59,87,93,97.46,No
3004,Ananya Verma,Male,8,A,92,60,99,93,46,86.27,No
3005,Priya Das,Female,10,D,66,61,80,90,67,62.73,Yes
3006,Priya Das,Male,11,A,49,90,51,68,89,97.37,No
3007,Ananya Das,Male,10,B,85,71,52,90,81,93.46,No
3008,Neha Iyer,Male,9,D,41,46,35,51,98,92.53,Yes
3009,Neha Kumar,Male,12,A,59,93,55,47,51,64.97,No
3010,Meera Gupta,Male,11,C,80,83,56,74,69,76.68,Yes
3011,Rahul Sharma,Male,9,C,89,87,62,65,62,99.42,No
3012,Arjun Verma,Male,8,B,51,84,51,76,65,86.94,Yes
3013,Aditya Sharma,Male,6,D,75,75,71,43,70,95.76,Yes
3014,Rahul Singh,Female,7,C,41,97,70,82,36,90.4,Yes
3015,Sneha Nair,Male,12,D,38,52,68,69,35,72.09,Yes
3016,Meera Sharma,Male,9,D,47,57,65,77,65,97.55,Yes
3017,Ananya Iyer,Male,9,D,80,78,67,91,85,62.59,Yes
3018,Ananya Kumar,Female,7,C,76,74,48,71,94,97.5,Yes
3019,Kiran Das,Female,6,C,66,62,51,69,57,78.51,Yes
3020,Rahul Reddy,Female,6,A,61,67,63,66,41,77.47,No
3021,Neha Verma,Female,10,B,71,92,95,59,62,88.19,Yes
3022,Rahul Gupta,Male,7,D,49,49,53,91,79,83.98,No
3023,Priya Iyer,Male,8,B,45,46,88,58,57,61.34,No
3024,Priya Gupta,Male,6,A,70,67,59,85,67,95.06,No
3025,Aditya Singh,Female,7,B,88,46,67,53,55,87.6,Yes
3026,Arjun Iyer,Male,7,D,85,99,65,75,55,78.47,Yes
3027,Vikram Iyer,Female,11,D,48,42,62,59,82,68.72,Yes
3028,Arjun Gupta,Male,6,D,62,52,78,100,89,85.82,No
3029,Ananya Kumar,Female,9,C,87,50,96,56,74,98.56,Yes
3030,Sneha Singh,Female,12,D,62,63,58,71,83,74.15,No
3031,Vikram Singh,Male,8,C,87,60,77,50,94,72.5,Yes
3032,Priya Reddy,Female,6,D,85,84,80,81,87,73.09,No
3033,Arjun Sharma,Male,11,B,92,75,54,58,85,89.47,No
3034,Rahul Reddy,Male,10,B,58,51,76,46,68,73.54,No
3035,Neha Kumar,Male,9,B,64,97,85,87,40,70.92,No
3036,Rahul Das,Female,7,A,58,95,40,44,63,91.6,Yes
3037,Rahul Gupta,Male,6,A,60,81,54,74,59,84.24,Yes
3038,Neha Kumar,Male,6,C,85,52,68,38,93,92.21,No
3039,Sneha Gupta,Male,10,D,62,72,98,86,93,87.48,Yes
3040,Arjun Iyer,Male,8,C,86,90,85,83,74,87.51,Yes
3041,Kiran Sharma,Female,7,D,99,55,80,37,76,73.42,Yes
3042,Priya Das,Male,10,D,58,83,83,53,61,92.29,Yes
3043,Priya Iyer,Male,9,B,73,87,56,95,42,89.11,No
3044,Ananya Nair,Male,12,B,67,67,90,88,85,64.21,No
3045,Meera Singh,Female,6,A,83,100,85,56,99,92.55,No
3046,Vikram Verma,Female,10,B,69,67,67,37,66,87.21,No
3047,Meera Verma,Female,10,C,88,46,64,73,69,61.88,Yes
3048,Sneha Reddy,Male,10,A,50,85,59,69,95,76.83,Yes
3049,Rahul Patel,Female,9,B,35,46,55,55,38,63.07,Yes
3050,Meera Verma,Female,7,A,35,54,65,47,81,66.08,Yes
3051,Sneha Patel,Female,11,B,43,72,35,57,45,66.72,Yes
3052,Rahul Patel,Male,10,D,96,58,39,49,58,84.9,Yes
3053,Sneha Reddy,Female,9,C,86,36,35,35,48,86.25,Yes
3054,Ananya Das,Female,12,B,57,72,74,65,67,99.65,No
3055,Meera Kumar,Male,8,C,98,73,90,49,49,78.61,Yes
3056,Vikram Iyer,Male,7,D,53,58,39,67,41,61.86,Yes
3057,Vikram Sharma,Male,8,A,57,61,56,49,83,86.64,Yes
3058,Arjun Kumar,Male,7,C,44,64,52,79,58,88.46,No
3059,Rahul Kumar,Male,11,A,55,46,63,49,47,77.47,No
3060,Aditya Nair,Male,7,D,98,38,47,45,86,77.84,Yes
3061,Meera Das,Female,12,D,52,35,57,75,47,73.32,No
3062,Aditya Nair,Female,9,B,37,56,56,40,73,63.35,No
3063,Sneha Sharma,Female,11,A,81,60,44,70,44,62.43,No
3064,Arjun Iyer,Female,12,C,35,68,99,75,55,81.91,No
3065,Ananya Iyer,Male,7,D,99,67,90,92,97,61.98,Yes
3066,Vikram Patel,Male,11,D,85,69,72,40,78,97.35,Yes
3067,Priya Kumar,Male,6,D,55,91,56,93,91,69.69,Yes
3068,Vikram Nair,Male,6,B,51,36,81,48,46,90.06,Yes
3069,Sneha Singh,Male,9,B,84,38,44,40,81,61.18,No
3070,Arjun Das,Female,6,A,95,69,95,44,46,78.44,No
3071,Aditya Verma,Female,12,D,90,100,86,59,46,66.54,No
3072,Arjun Iyer,Male,8,C,45,66,50,42,50,63.99,No
3073,Priya Das,Female,12,D,94,91,88,44,78,65.17,No
3074,Arjun Reddy,Female,6,B,47,92,89,74,77,63.0,No
3075,Ananya Sharma,Male,7,B,35,67,79,64,74,78.08,Yes
3076,Ananya Iyer,Male,8,B,54,42,80,58,69,80.97,No
3077,Sneha Kumar,Female,7,D,56,59,62,78,95,95.67,Yes
3078,Rahul Singh,Male,12,B,99,86,89,60,74,90.63,No
3079,Vikram Singh,Female,7,D,66,64,75,85,79,65.23,Yes
3080,Neha Reddy,Female,11,D,86,56,54,95,66,73.34,Yes
3081,Sneha Singh,Male,9,B,42,48,87,89,59,69.83,Yes
3082,Meera Singh,Male,6,C,85,60,67,78,57,98.89,No
3083,Sneha Das,Male,12,D,58,62,59,81,93,61.29,No
3084,Aditya Kumar,Female,12,A,74,61,69,72,53,63.36,Yes
3085,Ananya Kumar,Female,10,C,72,77,96,71,56,90.61,Yes
3086,Vikram Verma,Female,7,C,83,65,99,49,81,62.98,Yes
3087,Meera Das,Female,12,D,57,67,84,71,57,83.47,No
3088,Rahul Singh,Female,11,B,76,62,98,82,50,74.41,Yes
3089,Arjun Iyer,Female,12,A,68,82,44,63,70,79.2,Yes
3090,Sneha Sharma,Female,9,B,68,76,60,44,38,88.97,Yes
3091,Rahul Singh,Female,8,B,96,84,56,74,61,89.79,Yes
3092,Aditya Das,Male,9,D,84,49,38,83,87,69.69,No
3093,Aditya Gupta,Male,12,B,43,97,39,84,78,60.36,Yes
3094,Aditya Iyer,Male,8,A,48,48,56,75,35,65.55,Yes
3095,Meera Das,Male,6,C,41,58,96,56,88,91.57,Yes
3096,Rahul Reddy,Male,6,D,45,68,72,53,82,61.47,No
3097,Neha Das,Female,10,D,99,68,55,39,42,85.89,No
3098,Meera Singh,Female,7,C,85,36,95,63,97,66.78,No
3099,Meera Kumar,Female,7,C,69,93,76,95,90,68.53,No
3100,Neha Verma,Male,10,B,38,78,75,98,96,82.99,Yes
3101,Kiran Iyer,Female,6,D,74,47,40,82,62,84.21,Yes
3102,Priya Sharma,Female,12,B,42,65,78,90,38,94.98,No
3103,Vikram Das,Female,9,A,88,62,80,74,94,96.29,No
3104,Arjun Iyer,Female,12,A,56,46,42,46,99,71.64,No
3105,Rahul Nair,Female,8,C,48,37,51,70,79,83.3,Yes
3106,Vikram Kumar,Male,8,D,82,65,78,55,70,85.64,No
3107,Ananya Gupta,Female,6,D,88,81,76,93,63,79.43,No
3108,Vikram Kumar,Male,8,A,56,56,77,72,88,78.32,Yes
3109,Meera Iyer,Female,12,B,55,96,57,70,89,73.11,Yes
3110,Sneha Gupta,Female,9,C,41,53,42,63,78,70.77,No
3111,Arjun Sharma,Female,12,A,78,45,51,71,53,76.59,No
3112,Ananya Kumar,Male,12,C,43,60,96,83,66,73.35,No
3113,Kiran Reddy,Female,7,D,56,37,69,42,100,74.17,Yes
3114,Kiran Patel,Male,8,D,44,43,98,98,59,77.95,Yes
3115,Kiran Kumar,Male,11,B,99,40,71,48,43,79.24,No
3116,Arjun Patel,Male,12,B,42,99,82,72,71,63.47,No
3117,Sneha Das,Female,6,B,37,60,46,63,95,96.42,Yes
3118,Rahul Reddy,Male,10,B,88,97,87,98,93,91.32,No
3119,Sneha Das,Female,12,D,83,74,80,79,73,73.23,Yes
3120,Sneha Singh,Male,10,C,67,60,80,49,48,96.07,Yes
3121,Kiran Gupta,Male,10,C,82,61,65,41,52,67.69,Yes
3122,Sneha Reddy,Male,8,A,74,75,78,38,94,60.91,No
3123,Aditya Sharma,Female,7,D,36,84,91,71,48,72.79,Yes
3124,Aditya Singh,Female,9,B,48,88,71,66,67,86.44,No
3125,Neha Iyer,Male,6,B,71,41,90,76,96,96.73,No
3126,Rahul Sharma,Male,7,C,99,61,93,94,49,66.43,Yes
3127,Vikram Singh,Male,10,C,80,45,84,77,43,89.97,No
3128,Priya Das,Female,8,D,67,76,53,65,35,61.21,Yes
3129,Priya Nair,Female,12,B,83,98,81,77,67,79.75,Yes
3130,Meera Verma,Female,12,D,79,40,50,73,83,78.06,Yes
3131,Neha Patel,Female,9,B,78,40,51,99,38,62.29,No
3132,Meera Iyer,Female,11,A,98,65,69,89,40,86.92,Yes
3133,Kiran Reddy,Male,11,C,36,97,51,46,84,95.41,No
3134,Ananya Kumar,Male,9,C,71,57,99,60,51,90.41,No
3135,Ananya Verma,Female,6,C,41,89,85,100,43,73.9,No
3136,Meera Kumar,Female,12,D,88,45,88,88,73,99.21,Yes
3137,Kiran Patel,Female,8,D,36,78,82,75,50,87.82,Yes
3138,Meera Patel,Male,10,C,88,59,58,51,68,96.25,Yes
3139,Vikram Nair,Female,9,D,43,51,45,53,89,96.14,No
3140,Aditya Verma,Female,10,D,73,96,99,87,60,63.41,No
3141,Sneha Sharma,Female,7,D,41,68,61,84,58,67.22,No
3142,Neha Reddy,Female,8,B,65,35,50,52,96,71.26,Yes
3143,Meera Iyer,Female,7,A,46,99,89,66,94,99.85,Yes
3144,Vikram Kumar,Female,7,D,35,88,54,57,59,60.48,Yes
3145,Priya Das,Female,7,C,97,93,82,85,72,66.65,No
3146,Meera Sharma,Female,6,A,62,55,95,61,37,68.72,Yes
3147,Aditya Verma,Male,11,D,73,83,61,76,51,87.34,Yes
3148,Priya Das,Male,6,B,36,66,35,89,77,80.22,No
3149,Rahul Reddy,Female,7,A,48,47,55,99,45,78.67,Yes
3150,Sneha Das,Female,9,D,64,85,73,96,57,80.28,Yes
3151,Rahul Das,Female,10,C,78,36,59,60,97,84.44,Yes
3152,Neha Singh,Male,12,B,97,81,62,79,60,86.65,Yes
3153,Sneha Nair,Female,11,C,51,92,77,88,92,93.22,No
3154,Arjun Patel,Male,8,D,99,93,42,93,43,65.03,No
3155,Priya Nair,Female,12,C,44,99,80,55,99,69.52,Yes
3156,Arjun Reddy,Female,6,C,94,91,98,87,69,82.97,Yes
3157,Kiran Reddy,Female,12,C,91,87,79,52,100,96.09,Yes
3158,Rahul Das,Male,12,C,69,38,51,74,68,83.22,No
3159,Sneha Singh,Female,9,D,87,85,44,65,90,73.73,No
3160,Arjun Sharma,Male,11,C,79,86,91,100,59,65.67,Yes
3161,Neha Kumar,Male,9,A,49,71,46,54,93,61.23,No
3162,Meera Verma,Female,11,B,87,39,98,40,91,65.43,Yes
3163,Arjun Patel,Male,10,A,43,55,36,89,85,94.1,No
3164,Sneha Iyer,Male,6,B,91,63,72,67,99,68.95,No
3165,Priya Das,Female,6,D,47,35,79,86,76,79.62,No
3166,Sneha Gupta,Female,9,D,39,75,68,85,92,68.05,Yes
3167,Meera Das,Female,11,A,78,69,89,98,65,88.75,Yes
3168,Priya Verma,Female,10,A,42,55,77,62,47,65.46,Yes
3169,Kiran Das,Male,8,C,98,100,41,39,76,80.63,No
3170,Arjun Reddy,Female,9,A,75,94,36,40,38,62.81,Yes
3171,Arjun Iyer,Male,10,C,67,85,91,64,74,89.14,No
3172,Sneha Das,Male,12,A,70,48,61,48,75,97.85,No
3173,Ananya Reddy,Male,7,A,60,36,79,72,51,97.3,No
3174,Rahul Kumar,Male,6,A,40,60,80,73,36,83.11,Yes
3175,Neha Singh,Male,12,B,75,92,39,64,52,69.88,No
3176,Kiran Iyer,Female,12,D,39,84,56,75,44,95.77,No
3177,Arjun Patel,Female,10,B,94,71,72,59,37,81.12,Yes
3178,Kiran Patel,Male,11,B,92,36,58,84,83,69.69,Yes
3179,Arjun Iyer,Male,8,C,45,76,50,63,63,93.0,Yes
3180,Meera Iyer,Female,6,C,91,92,86,92,98,62.86,Yes
3181,Vikram Verma,Male,12,A,64,42,54,91,75,92.15,No
3182,Arjun Kumar,Male,7,A,61,88,36,83,91,79.55,No
3183,Meera Gupta,Male,8,D,57,83,76,78,94,62.57,No
3184,Aditya Gupta,Female,9,C,81,47,74,75,64,78.1,Yes
3185,Priya Iyer,Female,12,C,53,76,52,88,41,88.29,No
3186,Meera Reddy,Male,8,D,95,66,64,79,44,72.79,No
3187,Aditya Das,Female,6,C,42,87,36,60,99,89.41,Yes
3188,Neha Patel,Female,9,C,42,57,97,75,100,98.12,Yes
3189,Sneha Singh,Female,9,B,65,61,54,66,73,84.95,No
3190,Rahul Singh,Female,9,A,78,44,75,78,95,94.13,Yes
3191,Kiran Patel,Male,12,B,56,69,53,94,46,75.1,No
3192,Rahul Verma,Female,10,D,67,96,88,58,62,85.3,Yes
3193,Sneha Verma,Female,11,C,95,91,58,87,47,82.83,Yes
3194,Meera Gupta,Male,7,C,46,57,63,52,100,90.15,Yes
3195,Kiran Nair,Female,7,C,47,99,81,70,78,74.72,Yes
3196,Vikram Gupta,Male,8,B,45,68,35,41,64,73.89,Yes
3197,Arjun Patel,Male,10,B,90,95,59,76,73,94.84,Yes
3198,Aditya Iyer,Female,8,D,47,89,99,90,52,63.7,Yes
3199,Priya Sharma,Female,7,D,75,84,72,61,73,77.53,Yes
3200,Vikram Verma,Male,7,A,56,81,91,57,72,75.8,Yes
3201,Kiran Patel,Male,9,B,66,37,72,84,40,64.13,Yes
3202,Kiran Nair,Male,7,B,86,74,41,100,71,91.32,No
3203,Aditya Gupta,Male,11,A,90,65,67,63,39,69.15,Yes
3204,Arjun Reddy,Female,9,B,83,90,57,53,70,74.51,No
3205,Aditya Reddy,Female,12,A,77,93,83,54,55,95.8,No
3206,Meera Reddy,Male,10,C,89,45,39,83,88,89.9,Yes
3207,Rahul Das,Male,8,D,37,48,91,68,77,67.97,Yes
3208,Kiran Nair,Female,8,A,38,88,84,97,71,72.78,No
3209,Sneha Nair,Male,9,C,42,57,70,54,62,90.97,Yes
3210,Priya Singh,Female,12,A,93,44,43,36,94,90.24,No
3211,Arjun Nair,Male,11,A,79,38,89,90,91,63.77,No
3212,Sneha Patel,Male,12,A,98,45,67,93,75,74.27,Yes
3213,Rahul Gupta,Male,8,B,55,35,58,99,44,74.26,Yes
3214,Arjun Verma,Female,7,A,91,85,35,50,55,76.68,No
3215,Rahul Kumar,Male,12,C,42,96,64,52,70,89.99,Yes
3216,Sneha Gupta,Female,7,A,66,56,81,40,56,79.45,No
3217,Rahul Patel,Male,10,C,72,41,64,96,85,74.19,Yes
3218,Neha Gupta,Female,7,C,37,59,63,38,87,85.62,Yes
3219,Aditya Verma,Female,11,B,51,40,100,75,37,73.31,Yes
3220,Aditya Verma,Female,11,A,77,38,75,50,51,96.45,No
3221,Ananya Nair,Male,6,A,96,67,71,67,95,82.9,Yes
3222,Neha Reddy,Male,9,A,97,67,36,38,60,88.4,No
3223,Kiran Verma,Female,10,D,77,97,61,96,72,91.23,No
3224,Kiran Das,Male,9,B,63,85,83,42,72,94.05,No
3225,Aditya Reddy,Male,6,A,35,59,90,61,99,85.58,No
3226,Rahul Verma,Female,6,C,62,66,81,49,86,60.73,No
3227,Neha Kumar,Female,9,C,51,90,88,72,41,68.68,Yes
3228,Kiran Patel,Female,9,A,93,75,54,68,43,69.94,Yes
3229,Ananya Das,Female,7,B,63,36,61,80,65,83.98,Yes
3230,Kiran Sharma,Female,7,B,94,65,72,38,46,63.36,No
3231,Aditya Iyer,Female,8,D,60,92,94,39,70,90.43,Yes
3232,Neha Das,Female,10,A,74,81,84,78,96,97.83,Yes
3233,Neha Das,Male,12,A,60,67,37,78,95,68.22,No
3234,Vikram Gupta,Male,6,A,72,49,98,75,89,85.0,No
3235,Sneha Sharma,Female,12,B,48,99,99,93,93,92.08,No
3236,Neha Gupta,Male,9,C,99,94,58,64,87,69.89,Yes
3237,Meera Sharma,Female,10,C,91,88,92,49,53,75.4,No
3238,Rahul Verma,Male,10,B,50,56,97,100,81,96.47,Yes
3239,Aditya Gupta,Male,10,D,38,72,47,79,77,95.03,Yes
3240,Ananya Patel,Male,11,C,62,93,88,61,50,81.18,No
3241,Neha Das,Female,6,D,50,90,67,67,47,70.84,No
3242,Arjun Sharma,Male,11,C,39,91,82,87,40,65.96,Yes
3243,Arjun Das,Female,12,A,91,97,55,87,55,67.06,No
3244,Aditya Nair,Female,7,C,68,97,54,82,49,91.88,No
3245,Sneha Das,Female,11,C,70,92,81,100,94,93.45,Yes
3246,Ananya Reddy,Male,12,C,59,53,80,42,90,87.73,No
3247,Ananya Reddy,Female,7,D,35,48,95,72,63,88.03,No
3248,Arjun Nair,Female,9,A,40,72,50,60,47,76.36,No
3249,Ananya Iyer,Female,7,D,35,91,49,54,92,83.03,No
3250,Meera Iyer,Female,7,C,36,87,72,57,93,66.29,Yes
3251,Aditya Patel,Male,9,D,94,85,52,56,91,61.39,No
3252,Aditya Patel,Male,9,B,43,75,100,74,88,70.91,No
3253,Rahul Kumar,Female,6,C,84,94,100,55,40,87.28,No
3254,Neha Sharma,Female,11,A,75,79,39,58,85,96.41,Yes
3255,Aditya Sharma,Female,7,A,52,54,42,90,84,77.56,No
3256,Priya Singh,Male,8,B,57,70,55,49,87,99.11,No
3257,Sneha Kumar,Male,11,B,99,90,44,94,36,74.63,Yes
3258,Sneha Verma,Male,8,D,63,58,49,63,83,91.03,No
3259,Vikram Verma,Female,8,C,77,82,52,87,49,72.61,Yes
3260,Ananya Sharma,Female,11,C,98,36,81,55,82,61.44,No
3261,Vikram Iyer,Female,8,A,51,59,78,90,57,97.31,No
3262,Vikram Das,Male,12,D,66,75,90,38,39,75.32,Yes
3263,Priya Kumar,Male,8,A,96,92,81,44,60,78.98,No
3264,Neha Kumar,Male,6,B,93,60,69,67,77,81.2,Yes
3265,Meera Gupta,Female,9,B,49,60,69,88,46,75.87,No
3266,Meera Kumar,Male,11,D,77,66,54,53,51,93.87,No
3267,Ananya Sharma,Male,6,A,69,48,56,91,44,84.62,No
3268,Arjun Verma,Female,7,D,73,50,52,86,100,64.4,Yes
3269,Arjun Sharma,Male,8,A,77,100,40,50,69,60.64,Yes
3270,Aditya Sharma,Female,6,A,41,78,83,63,78,98.29,No
3271,Neha Gupta,Male,11,B,48,65,43,47,87,88.07,No
3272,Kiran Sharma,Male,11,A,55,72,90,92,89,91.03,Yes
3273,Vikram Reddy,Male,11,C,59,85,55,41,93,92.73,No
3274,Neha Verma,Female,10,C,44,57,84,35,54,60.02,Yes
3275,Meera Singh,Female,8,D,80,98,50,88,85,74.18,Yes
3276,Sneha Sharma,Female,10,C,42,73,65,99,85,71.63,Yes
3277,Kiran Singh,Female,6,D,53,76,59,51,51,93.88,Yes
3278,Ananya Nair,Female,11,D,84,67,47,58,87,63.95,Yes
3279,Neha Kumar,Female,9,C,76,85,50,99,36,87.51,Yes
3280,Neha Patel,Female,6,B,82,69,70,53,95,80.6,No
3281,Neha Verma,Male,10,B,36,90,84,82,83,84.53,Yes
3282,Priya Gupta,Female,12,B,93,90,55,52,65,76.57,Yes
3283,Meera Nair,Female,8,B,67,50,61,79,78,85.39,No
3284,Vikram Sharma,Male,12,B,100,37,46,93,98,63.23,Yes
3285,Kiran Nair,Female,8,A,52,84,71,69,93,68.93,No
3286,Sneha Singh,Male,12,C,66,44,38,62,58,97.99,Yes
3287,Vikram Das,Female,9,A,89,89,97,67,95,79.28,Yes
3288,Arjun Reddy,Male,11,A,72,35,64,100,67,69.88,No
3289,Vikram Nair,Female,6,A,92,95,95,79,63,67.54,No
3290,Rahul Nair,Female,7,B,51,52,68,51,81,95.4,No
3291,Ananya Iyer,Male,9,D,67,81,92,78,41,66.59,Yes
3292,Vikram Verma,Female,7,A,47,71,74,90,39,69.09,No
3293,Sneha Verma,Male,10,D,97,99,73,57,37,90.32,No
3294,Ananya Kumar,Male,8,C,92,95,42,84,66,87.3,Yes
3295,Vikram Kumar,Male,7,A,54,75,74,87,45,94.09,No
3296,Neha Singh,Female,11,D,92,43,90,62,88,89.85,Yes
3297,Sneha Gupta,Female,10,C,76,52,43,49,77,89.93,Yes
3298,Sneha Kumar,Male,6,C,93,62,98,97,89,65.51,Yes
3299,Vikram Gupta,Female,12,C,72,98,94,45,96,82.16,Yes
3300,Rahul Sharma,Male,10,A,37,38,47,67,57,80.18,No
3301,Kiran Gupta,Male,9,B,75,45,76,97,76,83.45,Yes
3302,Aditya Gupta,Male,10,D,91,47,36,100,36,60.06,No
3303,Priya Verma,Female,7,C,55,57,96,72,85,76.94,Yes
3304,Neha Singh,Male,12,A,79,49,93,50,94,66.21,No
3305,Meera Nair,Male,12,C,61,65,76,64,90,78.53,No
3306,Ananya Iyer,Female,7,C,51,84,77,96,76,61.92,Yes
3307,Arjun Singh,Female,10,A,67,35,95,96,44,85.18,Yes
3308,Vikram Sharma,Female,6,A,96,68,85,85,87,84.17,No
3309,Aditya Iyer,Male,12,A,93,50,56,72,64,74.73,No
3310,Vikram Patel,Male,7,B,79,60,84,82,53,95.34,No
3311,Vikram Iyer,Female,9,B,75,36,95,46,42,86.45,Yes
3312,Vikram Patel,Female,12,D,84,69,88,44,58,87.19,Yes
3313,Aditya Gupta,Male,11,D,65,48,85,57,91,73.35,No
3314,Aditya Patel,Male,10,C,43,78,85,86,62,99.95,Yes
3315,Kiran Patel,Female,7,A,41,80,44,84,68,62.26,No
3316,Arjun Singh,Male,6,B,81,60,95,66,88,74.6,Yes
3317,Ananya Nair,Female,10,D,91,93,95,42,77,74.42,Yes
3318,Ananya Reddy,Male,11,D,47,76,72,58,96,60.38,Yes
3319,Neha Patel,Male,12,A,62,51,85,100,59,78.84,No
3320,Kiran Sharma,Male,6,B,90,71,44,81,98,79.28,Yes
3321,Neha Reddy,Female,7,C,43,80,87,45,95,77.43,No
3322,Priya Verma,Male,7,B,82,81,51,76,97,86.73,No
3323,Sneha Sharma,Male,12,B,57,63,65,80,53,81.73,No
3324,Vikram Gupta,Female,6,C,59,79,87,73,97,97.73,No
3325,Vikram Singh,Female,8,D,70,81,76,39,93,87.38,Yes
3326,Meera Sharma,Male,10,C,41,41,96,75,86,89.6,No
3327,Arjun Kumar,Male,11,A,75,36,48,35,88,79.46,No
3328,Aditya Singh,Female,9,A,62,92,89,83,59,93.2,No
3329,Kiran Kumar,Male,7,B,73,91,91,70,87,98.96,Yes
3330,Ananya Gupta,Male,7,D,56,99,49,44,79,60.02,Yes
3331,Ananya Singh,Male,10,D,66,71,75,41,76,98.55,Yes
3332,Neha Singh,Male,8,A,67,95,51,88,38,84.97,No
3333,Rahul Gupta,Male,8,C,97,92,65,87,83,60.64,No
3334,Neha Reddy,Male,9,C,97,64,84,90,81,68.2,No
3335,Vikram Verma,Female,10,D,73,99,79,81,92,64.66,Yes
3336,Neha Verma,Female,8,C,84,43,90,66,75,67.24,No
3337,Aditya Iyer,Female,9,C,65,91,55,45,53,68.89,No
3338,Vikram Iyer,Female,8,D,44,45,95,77,82,79.71,Yes
3339,Rahul Nair,Male,11,A,42,76,36,75,71,74.03,Yes
3340,Ananya Patel,Female,8,C,71,39,76,43,63,71.09,Yes
3341,Aditya Das,Male,12,D,48,52,59,64,66,97.51,Yes
3342,Kiran Kumar,Male,7,C,59,82,95,75,37,82.81,Yes
3343,Vikram Nair,Male,10,D,35,97,97,76,95,80.17,Yes
3344,Ananya Patel,Female,12,D,66,41,95,93,63,83.24,Yes
3345,Kiran Das,Female,6,D,98,99,76,77,36,91.64,Yes
3346,Aditya Singh,Female,11,A,91,52,86,55,38,87.45,Yes
3347,Ananya Gupta,Male,11,B,53,86,80,53,92,80.67,No
3348,Aditya Das,Male,6,C,73,45,79,89,98,64.84,No
3349,Ananya Kumar,Male,10,D,56,70,75,46,93,86.82,No
3350,Arjun Iyer,Female,11,C,60,35,81,60,85,73.55,No
3351,Rahul Das,Male,12,C,39,93,38,79,45,91.9,Yes
3352,Kiran Gupta,Female,9,B,43,51,48,75,84,81.9,No
3353,Arjun Nair,Female,12,C,63,92,54,49,71,99.14,Yes
3354,Aditya Reddy,Male,9,A,96,65,35,89,59,82.65,No
3355,Vikram Patel,Male,9,C,99,61,89,50,89,77.72,Yes
3356,Vikram Das,Female,8,D,40,86,95,96,82,99.83,No
3357,Neha Kumar,Female,12,B,76,72,47,35,75,97.74,No
3358,Ananya Nair,Female,6,C,40,57,77,99,43,61.03,No
3359,Priya Verma,Female,7,B,78,97,99,72,81,91.37,Yes
3360,Arjun Verma,Male,7,C,49,37,71,45,82,62.37,No
3361,Aditya Gupta,Male,6,D,83,36,50,89,49,63.44,No
3362,Kiran Das,Male,7,C,37,70,91,80,40,61.68,No
3363,Priya Verma,Female,6,B,51,96,37,86,39,97.07,No
3364,Aditya Gupta,Female,10,B,77,90,79,99,40,96.81,Yes
3365,Kiran Patel,Male,9,C,97,52,56,73,81,73.01,Yes
3366,Ananya Sharma,Male,7,C,43,72,58,68,69,85.88,No
3367,Kiran Patel,Male,12,A,39,68,80,62,37,70.93,No
3368,Ananya Nair,Female,6,C,36,83,49,91,41,82.59,No
3369,Sneha Reddy,Female,12,A,99,49,85,87,48,68.92,Yes
3370,Sneha Verma,Female,9,A,58,47,81,41,47,75.24,No
3371,Aditya Das,Female,7,C,91,64,49,54,79,68.76,Yes
3372,Rahul Iyer,Female,10,D,85,57,55,80,98,91.67,No
3373,Ananya Singh,Female,6,A,99,92,50,94,64,86.08,Yes
3374,Priya Iyer,Male,9,A,70,57,83,45,68,93.37,No
3375,Ananya Reddy,Female,8,A,68,68,48,82,58,77.21,No
3376,Priya Verma,Male,10,D,71,82,67,46,49,93.41,No
3377,Vikram Sharma,Female,10,D,89,52,37,59,59,77.77,No
3378,Priya Nair,Female,7,D,88,35,97,71,50,72.44,No
3379,Aditya Sharma,Male,9,A,59,80,59,71,54,73.02,No
3380,Kiran Reddy,Male,7,D,54,46,61,67,50,94.52,No
3381,Priya Reddy,Male,10,C,69,51,81,53,96,73.57,No
3382,Kiran Verma,Male,10,C,57,36,91,55,95,62.87,No
3383,Sneha Patel,Female,6,B,62,97,48,66,54,76.27,Yes
3384,Ananya Patel,Male,7,D,51,92,92,89,91,71.66,No
3385,Vikram Verma,Male,10,C,84,92,93,72,54,99.03,No
3386,Aditya Gupta,Male,12,A,60,88,97,79,98,66.28,No
3387,Kiran Verma,Female,11,A,77,64,86,89,91,85.85,Yes
3388,Rahul Sharma,Male,6,D,50,61,48,96,92,83.87,No
3389,Sneha Singh,Male,7,B,59,60,48,75,47,80.48,Yes
3390,Kiran Das,Female,10,A,55,66,89,52,42,94.75,Yes
3391,Vikram Verma,Female,7,A,49,80,70,65,96,81.77,Yes
3392,Priya Iyer,Male,8,A,75,45,37,83,89,60.49,No
3393,Rahul Patel,Female,8,A,72,85,39,53,87,96.51,Yes
3394,Rahul Singh,Female,10,B,53,78,48,53,89,98.47,Yes
3395,Sneha Kumar,Male,9,B,43,42,72,39,44,72.92,No
3396,Neha Gupta,Female,11,A,85,52,43,39,96,85.7,Yes
3397,Kiran Verma,Female,9,C,41,62,88,46,85,82.29,Yes
3398,Meera Singh,Male,9,B,95,60,41,93,45,96.94,Yes
3399,Neha Sharma,Male,10,A,54,38,41,78,85,67.08,Yes
3400,Ananya Sharma,Male,11,C,98,71,100,76,92,84.95,Yes
3401,Meera Patel,Male,9,B,50,77,57,54,61,66.92,No
3402,Rahul Kumar,Female,6,A,72,66,72,97,82,71.67,Yes
3403,Vikram Verma,Female,12,C,81,69,93,41,42,79.02,Yes
3404,Aditya Das,Male,9,D,65,96,79,81,81,85.93,No
3405,Priya Verma,Male,10,D,81,39,36,98,94,98.77,Yes
3406,Sneha Reddy,Female,12,B,47,44,64,81,99,60.09,Yes
3407,Sneha Patel,Male,12,C,88,88,68,37,49,61.95,No
3408,Kiran Sharma,Male,10,B,61,76,58,35,90,66.66,Yes
3409,Kiran Sharma,Male,6,D,70,51,84,86,64,69.24,No
3410,Meera Singh,Male,10,B,59,48,35,43,95,63.43,No
3411,Meera Gupta,Female,8,D,67,40,77,49,81,61.15,Yes
3412,Neha Sharma,Male,12,C,87,91,64,80,55,92.1,Yes
3413,Priya Gupta,Female,6,D,90,65,81,58,68,64.38,Yes
3414,Rahul Nair,Female,9,A,41,85,88,76,89,60.87,No
3415,Neha Nair,Male,8,D,91,91,71,45,73,83.2,No
3416,Ananya Reddy,Female,8,B,54,51,98,98,79,66.53,Yes
3417,Priya Verma,Female,10,A,86,66,47,96,48,72.69,Yes
3418,Meera Reddy,Female,7,C,49,55,72,99,74,99.76,No
3419,Kiran Iyer,Male,6,B,91,44,95,68,46,82.93,Yes
3420,Kiran Das,Female,8,C,41,80,95,35,59,70.17,Yes
3421,Meera Iyer,Female,6,D,38,84,48,61,39,64.53,Yes
3422,Ananya Patel,Male,12,A,46,93,55,38,66,98.59,No
3423,Neha Das,Female,12,D,68,36,38,43,43,86.63,No
3424,Aditya Nair,Female,11,A,91,54,72,44,50,76.85,No
3425,Sneha Singh,Male,8,A,50,67,95,75,72,86.36,No
3426,Rahul Singh,Male,7,B,42,89,72,51,44,91.86,No
3427,Vikram Singh,Female,6,B,79,47,78,54,65,71.16,No
3428,Kiran Kumar,Male,6,D,71,89,67,76,59,90.45,Yes
3429,Meera Das,Female,10,C,36,90,39,76,71,64.14,Yes
3430,Ananya Reddy,Male,11,C,89,65,48,36,98,81.73,Yes
3431,Ananya Verma,Female,10,C,92,83,41,49,64,99.36,No
3432,Meera Kumar,Female,11,C,97,74,98,65,65,70.7,Yes
3433,Priya Gupta,Female,7,D,96,39,47,89,99,90.87,Yes
3434,Priya Patel,Male,11,D,75,41,67,35,62,78.95,Yes
3435,Meera Verma,Female,10,D,92,69,37,80,56,82.59,No
3436,Priya Sharma,Female,9,B,99,43,69,92,54,75.62,Yes
3437,Kiran Patel,Male,8,A,89,47,46,79,69,61.41,No
3438,Rahul Iyer,Male,10,A,85,99,60,46,50,66.0,Yes
3439,Ananya Gupta,Female,10,B,54,55,61,65,45,67.42,No
3440,Ananya Iyer,Male,8,A,62,79,89,50,89,66.99,No
3441,Meera Singh,Male,7,C,57,98,98,59,53,68.06,No
3442,Sneha Iyer,Female,7,A,74,54,36,67,58,61.39,Yes
3443,Ananya Singh,Male,8,D,43,71,53,78,41,99.1,No
3444,Neha Nair,Female,7,A,81,80,97,98,63,75.82,Yes
3445,Ananya Patel,Female,10,C,93,54,63,47,89,98.44,Yes
3446,Rahul Gupta,Male,6,B,76,48,48,44,65,86.22,Yes
3447,Meera Sharma,Female,8,B,82,40,57,68,86,98.97,No
3448,Vikram Singh,Male,7,B,52,51,58,64,56,96.25,No
3449,Sneha Verma,Female,11,D,42,73,61,48,66,79.2,No
3450,Vikram Iyer,Male,9,B,50,63,49,89,58,65.62,Yes
3451,Vikram Sharma,Male,9,A,82,48,64,44,92,93.7,No
3452,Aditya Gupta,Male,10,A,60,91,70,91,64,81.75,Yes
3453,Sneha Patel,Female,6,C,69,85,56,74,81,72.53,Yes
3454,Ananya Iyer,Male,6,C,64,80,76,99,51,94.16,No
3455,Vikram Reddy,Male,12,A,57,64,76,42,52,89.17,No
3456,Ananya Iyer,Male,8,D,80,63,94,43,82,77.05,No
3457,Meera Kumar,Male,7,A,92,37,83,87,88,87.24,No
3458,Arjun Das,Male,12,B,46,47,43,90,46,99.96,No
3459,Priya Patel,Male,10,B,97,61,49,59,67,87.41,Yes
3460,Ananya Iyer,Male,9,A,62,97,62,38,88,63.9,Yes
3461,Arjun Sharma,Female,8,B,40,96,53,47,85,67.3,No
3462,Ananya Singh,Male,8,D,69,96,66,53,81,95.16,No
3463,Arjun Das,Female,12,B,38,77,63,84,91,84.97,Yes
3464,Rahul Sharma,Female,7,A,79,96,37,64,75,87.81,No
3465,Arjun Verma,Male,10,D,68,70,76,90,76,98.06,No
3466,Vikram Reddy,Female,8,C,58,39,75,68,42,97.06,No
3467,Meera Kumar,Female,9,D,70,36,57,41,49,89.17,No
3468,Priya Gupta,Male,6,A,44,63,67,45,73,94.93,No
3469,Vikram Sharma,Female,11,D,37,44,67,69,90,74.37,No
3470,Arjun Sharma,Male,6,C,39,37,72,87,67,93.97,No
3471,Neha Iyer,Female,10,B,72,91,79,56,81,76.25,No
3472,Vikram Gupta,Male,12,C,85,89,52,75,91,76.88,Yes
3473,Sneha Verma,Male,11,D,77,45,46,99,49,66.83,Yes
3474,Kiran Kumar,Male,11,C,42,50,82,77,37,72.33,Yes
3475,Priya Sharma,Female,12,A,98,67,44,90,70,79.24,No
3476,Kiran Patel,Male,11,A,64,55,66,50,93,76.08,Yes
3477,Rahul Kumar,Female,9,A,87,100,67,72,70,75.19,No
3478,Aditya Kumar,Male,8,C,45,64,58,100,43,94.67,Yes
3479,Ananya Nair,Female,11,C,98,55,93,76,46,88.7,No
3480,Aditya Verma,Female,6,A,74,84,78,67,86,69.39,Yes
3481,Aditya Verma,Female,10,A,96,66,96,85,96,76.72,No
3482,Neha Iyer,Male,9,A,76,66,70,53,79,64.46,Yes
3483,Vikram Iyer,Male,9,B,92,74,91,90,93,77.3,No
3484,Arjun Gupta,Male,10,A,59,81,55,83,67,65.05,Yes
3485,Meera Iyer,Female,12,D,36,80,88,92,75,83.01,Yes
3486,Priya Das,Male,12,D,97,40,73,70,92,79.1,No
3487,Meera Singh,Male,8,D,94,42,52,81,37,87.89,No
3488,Priya Singh,Female,10,C,39,76,93,76,51,74.81,Yes
3489,Ananya Singh,Female,11,C,80,78,78,95,84,97.69,No
3490,Sneha Patel,Female,11,C,58,35,77,38,78,98.08,Yes
3491,Ananya Nair,Female,11,D,51,53,95,84,76,86.89,No
3492,Arjun Verma,Female,12,B,89,86,37,65,87,97.01,Yes
3493,Rahul Iyer,Female,11,C,68,57,71,60,81,61.85,No
3494,Neha Das,Male,9,C,63,96,98,94,67,65.58,No
3495,Meera Das,Female,10,A,49,84,59,89,77,60.87,No
3496,Rahul Kumar,Male,8,A,47,84,44,79,89,84.52,Yes
3497,Ananya Gupta,Male,7,A,96,40,37,43,60,68.63,No
3498,Neha Sharma,Male,7,D,73,64,57,90,57,90.32,No
3499,Neha Singh,Male,10,A,46,83,80,50,50,85.79,Yes
3500,Neha Singh,Female,8,A,66,43,48,54,94,99.74,Yes
3501,Aditya Das,Female,10,C,47,45,53,38,59,93.06,Yes
3502,Priya Gupta,Female,9,D,67,54,62,72,59,82.3,Yes
3503,Ananya Kumar,Female,7,C,84,66,95,96,65,72.26,No
3504,Arjun Patel,Male,12,B,92,95,52,45,93,83.02,Yes
3505,Kiran Nair,Female,6,C,80,60,55,89,91,84.7,Yes
3506,Aditya Singh,Male,11,D,53,85,94,97,65,89.35,No
3507,Neha Reddy,Male,12,D,91,56,99,97,96,70.28,No
3508,Neha Reddy,Male,8,A,91,83,56,83,83,72.54,No
3509,Meera Kumar,Female,7,A,100,41,53,37,71,60.81,Yes
3510,Arjun Iyer,Male,10,A,52,70,66,66,93,62.25,Yes
3511,Kiran Kumar,Female,10,A,72,85,63,80,75,61.2,Yes
3512,Priya Patel,Male,11,A,38,49,76,100,73,74.78,No
3513,Sneha Reddy,Male,9,A,40,43,94,70,59,63.69,No
3514,Priya Das,Male,12,D,64,35,58,48,91,68.52,Yes
3515,Sneha Gupta,Female,12,A,45,35,47,72,56,76.55,Yes
3516,Vikram Gupta,Male,12,B,68,36,35,88,44,68.35,No
3517,Priya Singh,Female,9,A,56,75,45,69,66,73.66,Yes
3518,Aditya Iyer,Male,6,A,39,73,78,41,45,95.77,Yes
3519,Meera Reddy,Female,10,D,42,54,96,86,59,91.95,No
3520,Ananya Iyer,Female,9,A,76,67,99,77,83,65.99,No
3521,Priya Sharma,Female,7,B,74,86,68,42,84,83.63,No
3522,Vikram Das,Male,12,D,78,68,48,55,98,91.09,Yes
3523,Meera Singh,Male,9,A,82,37,44,98,77,74.16,No
3524,Arjun Verma,Male,9,D,83,76,40,68,69,89.36,Yes
3525,Aditya Singh,Male,10,C,53,86,98,37,42,88.0,Yes
3526,Meera Kumar,Male,7,D,100,88,57,87,100,70.08,No
3527,Arjun Singh,Male,8,A,87,99,49,72,54,94.96,Yes
3528,Ananya Das,Male,9,A,40,89,44,68,63,77.04,No
3529,Rahul Patel,Female,9,D,48,41,75,67,50,94.62,Yes
3530,Priya Sharma,Male,12,D,90,36,45,93,79,90.31,Yes
3531,Vikram Sharma,Male,9,D,67,57,99,71,82,74.5,No
3532,Meera Verma,Female,9,D,40,90,89,97,51,87.52,Yes
3533,Rahul Verma,Male,8,A,68,61,36,54,49,74.5,No
3534,Rahul Kumar,Female,10,B,60,89,94,70,41,95.81,Yes
3535,Rahul Sharma,Female,10,C,71,94,85,38,46,67.05,Yes
3536,Priya Das,Male,6,B,88,47,36,39,54,74.31,Yes
3537,Meera Das,Male,11,A,85,65,93,42,63,96.06,No
3538,Neha Kumar,Male,8,A,85,91,83,44,90,88.21,Yes
3539,Neha Das,Female,10,D,59,84,41,51,81,69.74,No
3540,Vikram Iyer,Male,7,A,53,57,76,70,81,61.84,Yes
3541,Kiran Gupta,Female,6,D,94,61,98,47,60,85.44,No
3542,Meera Sharma,Male,11,A,90,84,76,72,100,71.49,Yes
3543,Neha Patel,Male,12,A,70,90,42,63,75,93.46,No
3544,Arjun Verma,Female,6,D,70,66,95,82,35,71.39,No
3545,Neha Sharma,Female,11,B,42,68,95,36,51,79.54,Yes
3546,Rahul Iyer,Female,8,C,49,59,35,41,76,96.85,Yes
3547,Meera Gupta,Female,9,C,73,96,61,100,35,81.68,Yes
3548,Ananya Singh,Male,9,B,100,56,99,76,35,77.78,No
3549,Priya Patel,Male,6,C,52,81,44,75,82,95.93,Yes
3550,Sneha Kumar,Male,8,D,45,46,91,100,95,86.9,No
3551,Arjun Kumar,Male,7,A,69,46,100,38,80,89.95,No
3552,Meera Nair,Male,11,A,98,68,40,70,82,62.71,No
3553,Neha Gupta,Male,7,B,95,87,53,83,68,77.92,No
3554,Neha Patel,Male,10,B,82,57,61,41,83,99.15,No
3555,Kiran Patel,Female,12,A,91,45,54,73,50,68.14,Yes
3556,Neha Singh,Male,7,C,43,63,90,84,71,94.79,No
3557,Aditya Patel,Female,8,B,45,74,75,70,82,98.09,Yes
3558,Priya Sharma,Female,6,C,83,64,48,92,96,95.1,Yes
3559,Sneha Sharma,Male,7,A,70,54,61,65,63,87.66,Yes
3560,Meera Gupta,Female,6,B,76,38,54,98,37,70.34,Yes
3561,Aditya Patel,Female,9,D,100,73,94,40,98,86.09,No
3562,Arjun Nair,Female,8,D,99,88,89,60,87,80.14,No
3563,Sneha Iyer,Male,10,A,53,60,59,40,93,61.18,Yes
3564,Aditya Iyer,Female,6,D,81,47,85,52,48,60.13,No
3565,Sneha Das,Female,10,B,99,43,89,84,36,60.55,No
3566,Vikram Verma,Male,7,D,41,74,55,82,56,81.77,No
3567,Kiran Kumar,Male,9,A,92,52,55,71,47,86.63,No
3568,Neha Iyer,Male,7,A,40,42,62,68,35,84.71,No
3569,Aditya Singh,Female,10,A,69,66,59,67,88,96.0,No
3570,Vikram Das,Female,11,B,84,42,58,47,62,62.81,Yes
3571,Kiran Das,Female,8,A,75,95,73,63,38,81.25,Yes
3572,Sneha Iyer,Male,11,C,65,91,48,51,88,89.4,No
3573,Arjun Singh,Male,8,C,97,47,65,91,60,88.58,No
3574,Rahul Reddy,Female,11,C,84,52,69,96,70,98.62,No
3575,Sneha Patel,Male,9,B,92,63,39,80,96,76.34,Yes
3576,Arjun Verma,Female,12,A,91,70,86,67,36,90.56,No
3577,Ananya Iyer,Female,9,D,52,49,97,100,75,93.7,No
3578,Rahul Kumar,Female,11,C,54,68,77,89,86,78.18,Yes
3579,Neha Gupta,Male,9,B,52,88,95,69,40,77.34,Yes
3580,Meera Kumar,Female,6,B,55,91,64,87,62,99.56,Yes
3581,Sneha Verma,Female,7,B,80,67,89,99,88,67.47,No
3582,Kiran Reddy,Male,7,C,86,82,98,69,41,82.38,No
3583,Sneha Iyer,Male,11,C,55,87,53,96,64,85.08,Yes
3584,Kiran Sharma,Male,11,A,54,89,87,71,84,85.47,Yes
3585,Neha Das,Male,8,A,45,35,41,48,90,75.69,No
3586,Aditya Kumar,Female,11,B,39,41,47,95,69,94.17,Yes
3587,Ananya Singh,Male,12,A,75,58,51,78,99,97.36,No
3588,Sneha Sharma,Female,12,B,55,48,87,85,82,92.84,No
3589,Neha Reddy,Male,11,D,42,86,43,50,98,63.73,No
3590,Arjun Nair,Female,6,A,87,69,57,53,93,99.76,No
3591,Sneha Singh,Female,12,D,78,52,90,80,42,93.89,Yes
3592,Aditya Iyer,Female,11,C,45,45,87,36,55,80.33,No
3593,Sneha Verma,Female,8,C,98,75,58,42,68,88.95,No
3594,Priya Nair,Male,12,B,41,47,86,70,64,60.82,Yes
3595,Rahul Gupta,Female,9,C,72,71,64,64,53,83.73,No
3596,Priya Iyer,Female,9,C,41,72,95,93,51,70.47,No
3597,Aditya Gupta,Female,7,B,72,48,36,87,92,85.11,Yes
3598,Arjun Sharma,Female,10,C,72,57,100,56,66,62.64,No
3599,Rahul Reddy,Male,10,B,89,80,99,79,95,98.78,Yes
3600,Rahul Singh,Male,6,C,81,95,46,81,68,69.14,No
3601,Kiran Kumar,Male,11,B,63,71,61,68,70,62.23,No
3602,Arjun Verma,Male,9,B,44,65,77,72,65,72.91,No
3603,Vikram Singh,Female,10,A,95,61,50,54,55,62.93,Yes
3604,Meera Nair,Female,8,B,47,100,45,75,67,70.5,No
3605,Vikram Verma,Male,12,D,93,41,97,42,82,94.23,No
3606,Arjun Gupta,Female,11,A,86,51,84,62,58,77.75,Yes
3607,Aditya Patel,Male,9,C,92,54,35,98,41,70.21,No
3608,Arjun Iyer,Male,9,D,98,77,55,59,90,93.43,Yes
3609,Kiran Gupta,Male,12,C,81,70,69,48,63,99.27,No
3610,Ananya Gupta,Male,10,B,86,53,37,47,88,92.13,No
3611,Meera Kumar,Female,7,D,71,92,98,47,81,85.71,Yes
3612,Sneha Patel,Male,11,D,64,44,62,73,98,73.18,No
3613,Meera Gupta,Female,11,A,94,83,81,41,53,64.5,Yes
3614,Arjun Sharma,Male,9,D,74,80,94,42,35,74.04,Yes
3615,Priya Patel,Male,12,D,59,47,35,77,62,95.48,No
3616,Neha Patel,Male,11,D,56,98,71,84,58,67.16,No
3617,Priya Patel,Male,6,C,55,68,61,97,52,94.37,Yes
3618,Ananya Kumar,Female,10,B,47,74,73,67,69,92.37,Yes
3619,Neha Gupta,Female,11,C,75,84,57,68,60,82.11,Yes
3620,Neha Nair,Female,9,A,80,92,64,87,77,60.22,No
3621,Arjun Kumar,Male,10,B,79,46,50,38,59,63.59,No
3622,Ananya Nair,Male,9,C,48,70,70,82,88,77.19,Yes
3623,Neha Das,Female,11,D,83,36,46,77,41,88.66,Yes
3624,Aditya Sharma,Male,6,B,85,82,78,93,83,87.78,No
3625,Priya Das,Female,8,D,59,52,96,96,73,63.34,Yes
3626,Priya Sharma,Female,10,C,37,54,65,66,41,84.48,No
3627,Kiran Nair,Male,8,D,37,88,47,83,77,68.81,No
3628,Sneha Sharma,Female,7,C,56,35,97,43,88,65.96,Yes
3629,Arjun Gupta,Female,6,C,42,96,49,41,90,75.92,No
3630,Neha Sharma,Male,9,D,42,77,42,69,50,64.78,No
3631,Ananya Gupta,Female,11,B,48,71,87,91,39,82.71,No
3632,Arjun Verma,Female,8,D,43,54,54,100,63,60.74,No
3633,Vikram Verma,Female,11,D,92,100,99,54,67,91.11,No
3634,Priya Gupta,Female,10,D,90,57,92,67,99,67.5,Yes
3635,Arjun Sharma,Female,6,C,67,97,77,80,37,64.63,Yes
3636,Sneha Das,Female,12,B,46,43,76,83,92,90.59,Yes
3637,Aditya Sharma,Male,10,B,72,86,74,50,65,77.98,No
3638,Priya Sharma,Female,11,B,62,48,82,87,65,78.77,Yes
3639,Sneha Reddy,Male,8,A,100,44,65,83,37,61.05,No
3640,Neha Sharma,Female,9,C,71,68,42,79,43,73.14,Yes
3641,Neha Singh,Male,9,A,44,55,90,41,37,84.95,No
3642,Arjun Das,Male,12,C,74,45,89,89,84,63.84,No
3643,Ananya Nair,Female,7,A,87,95,41,38,78,89.62,No
3644,Vikram Nair,Female,11,A,67,96,97,76,96,67.07,Yes
3645,Arjun Patel,Male,7,A,81,43,87,46,92,73.9,No
3646,Rahul Nair,Female,10,C,94,88,68,47,69,83.59,No
3647,Vikram Patel,Male,8,A,39,45,36,52,86,69.3,No
3648,Neha Nair,Male,9,D,95,42,76,74,56,76.91,Yes
3649,Sneha Gupta,Female,11,C,68,60,70,67,58,63.66,Yes
3650,Meera Reddy,Female,11,C,96,86,70,47,82,94.8,Yes
3651,Sneha Gupta,Female,8,B,55,61,95,81,36,80.17,Yes
3652,Neha Iyer,Male,6,D,75,56,75,54,63,65.89,Yes
3653,Aditya Nair,Male,11,B,79,96,90,76,90,66.63,Yes
3654,Ananya Patel,Male,8,A,36,88,68,76,76,88.82,Yes
3655,Aditya Verma,Male,10,C,40,95,55,83,58,74.61,No
3656,Vikram Iyer,Male,10,B,92,37,89,55,81,94.76,No
3657,Sneha Das,Male,10,A,82,80,52,52,88,65.74,Yes
3658,Meera Das,Female,8,A,43,45,82,60,52,85.44,No
3659,Arjun Patel,Female,12,A,71,91,96,78,83,94.05,No
3660,Sneha Iyer,Male,7,D,95,36,38,77,66,80.24,Yes
3661,Rahul Nair,Male,11,D,77,92,81,59,97,91.68,No
3662,Aditya Singh,Female,6,B,76,84,54,56,54,60.48,Yes
3663,Aditya Das,Female,11,C,51,84,50,61,42,77.9,No
3664,Arjun Das,Male,10,C,78,44,39,84,60,80.75,Yes
3665,Neha Nair,Male,9,B,83,36,74,58,97,80.27,No
3666,Meera Sharma,Male,9,B,36,81,83,77,88,96.52,No
3667,Arjun Gupta,Female,10,C,44,52,62,75,56,81.88,Yes
3668,Vikram Verma,Female,12,A,43,46,35,93,47,71.29,Yes
3669,Sneha Das,Male,7,D,100,38,99,77,99,71.45,No
3670,Sneha Iyer,Male,12,A,60,57,90,98,98,94.15,Yes
3671,Vikram Patel,Male,11,A,99,42,73,64,100,95.68,Yes
3672,Arjun Gupta,Female,10,D,77,83,100,68,57,64.69,Yes
3673,Vikram Sharma,Male,12,D,70,94,56,46,64,64.19,Yes
3674,Kiran Kumar,Female,8,D,35,62,42,51,62,64.28,Yes
3675,Ananya Verma,Male,9,A,74,57,66,52,98,94.24,Yes
3676,Meera Verma,Female,10,B,38,88,62,38,68,64.65,No
3677,Rahul Iyer,Male,9,A,48,36,79,63,47,97.37,Yes
3678,Meera Iyer,Male,12,C,43,63,85,56,54,67.8,Yes
3679,Meera Patel,Female,6,B,38,46,74,35,44,94.62,No
3680,Kiran Gupta,Female,6,B,86,39,94,98,53,95.78,Yes
3681,Arjun Singh,Female,6,A,90,61,79,64,65,98.42,No
3682,Arjun Reddy,Female,11,B,88,51,76,43,39,72.49,No
3683,Kiran Reddy,Female,7,A,81,44,78,47,61,68.85,Yes
3684,Arjun Gupta,Female,9,B,42,54,72,35,96,72.38,Yes
3685,Priya Gupta,Female,9,C,65,65,41,63,84,69.01,No
3686,Ananya Singh,Male,7,A,75,99,37,36,38,91.82,No
3687,Meera Das,Male,11,D,97,81,40,46,74,77.22,Yes
3688,Meera Singh,Female,8,A,37,63,67,82,81,80.43,No
3689,Kiran Singh,Male,6,A,99,48,37,52,62,66.77,Yes
3690,Kiran Kumar,Male,10,A,86,37,49,97,79,61.29,No
3691,Meera Gupta,Male,9,D,95,80,37,70,86,63.77,No
3692,Rahul Nair,Female,7,D,79,89,98,56,36,65.69,Yes
3693,Aditya Verma,Female,6,A,64,84,78,64,71,79.52,No
3694,Meera Singh,Female,12,B,95,49,91,72,78,68.72,No
3695,Priya Gupta,Female,8,A,41,41,53,37,89,88.76,No
3696,Aditya Iyer,Male,8,D,67,52,92,52,67,68.13,Yes
3697,Arjun Gupta,Male,10,B,68,76,42,49,68,88.39,No
3698,Ananya Sharma,Male,12,B,88,35,91,72,49,79.68,No
3699,Arjun Nair,Male,8,B,77,76,60,45,59,70.18,Yes
3700,Ananya Das,Male,7,A,79,73,43,97,82,70.64,Yes
3701,Meera Das,Male,9,A,79,69,56,49,92,67.52,Yes
3702,Sneha Gupta,Female,10,A,38,55,89,80,90,98.09,Yes
3703,Arjun Das,Female,9,C,87,96,83,68,94,82.2,No
3704,Kiran Nair,Female,6,C,80,42,44,74,66,91.77,Yes
3705,Priya Iyer,Male,10,B,100,90,50,36,53,80.84,No
3706,Meera Singh,Male,10,B,76,77,53,36,66,67.43,No
3707,Priya Gupta,Male,10,A,39,79,58,61,40,94.01,No
3708,Sneha Sharma,Female,9,B,36,63,41,64,72,60.74,No
3709,Ananya Iyer,Female,10,B,43,50,37,77,36,93.78,Yes
3710,Neha Iyer,Male,10,C,97,72,74,79,70,60.98,No
3711,Neha Reddy,Female,7,D,90,95,61,74,66,64.66,No
3712,Priya Das,Female,9,C,94,55,83,58,87,69.06,No
3713,Sneha Nair,Female,7,D,40,59,45,40,76,76.36,No
3714,Meera Singh,Male,11,B,74,59,37,92,85,80.73,Yes
3715,Rahul Gupta,Female,9,A,90,39,80,46,48,78.83,Yes
3716,Rahul Singh,Male,12,B,89,65,91,67,62,78.5,Yes
3717,Meera Patel,Male,10,C,59,71,44,59,79,94.38,No
3718,Meera Das,Male,9,A,43,48,71,94,83,97.01,Yes
3719,Arjun Iyer,Male,8,D,96,64,79,74,50,71.22,No
3720,Priya Das,Female,9,B,43,47,85,100,76,83.7,No
3721,Kiran Patel,Female,11,A,36,69,63,59,40,64.98,No
3722,Ananya Verma,Male,9,C,90,36,41,68,43,80.33,Yes
3723,Rahul Singh,Female,9,B,56,90,43,94,61,70.49,No
3724,Arjun Verma,Female,7,D,60,45,68,59,46,80.65,Yes
3725,Ananya Nair,Male,10,B,35,74,78,35,64,60.13,Yes
3726,Aditya Gupta,Male,11,A,86,71,97,87,67,83.23,No
3727,Sneha Verma,Female,10,A,61,64,95,51,55,85.43,Yes
3728,Vikram Reddy,Female,8,B,58,81,99,66,39,97.3,Yes
3729,Sneha Das,Female,6,D,41,65,66,99,74,62.91,No
3730,Vikram Iyer,Female,6,B,100,98,74,36,95,66.39,No
3731,Vikram Verma,Male,6,C,38,66,46,88,96,81.48,Yes
3732,Vikram Verma,Male,9,B,77,63,42,54,58,91.49,Yes
3733,Aditya Das,Female,7,C,66,88,54,66,57,61.71,Yes
3734,Aditya Verma,Female,6,A,78,90,55,64,41,92.7,No
3735,Ananya Verma,Male,6,C,84,97,39,45,70,88.15,Yes
3736,Rahul Verma,Male,8,C,91,48,55,39,60,90.29,Yes
3737,Aditya Verma,Female,8,C,86,58,62,92,89,88.11,No
3738,Sneha Nair,Female,9,D,38,88,59,77,43,88.24,No
3739,Vikram Gupta,Male,9,C,95,72,44,87,67,85.78,No
3740,Kiran Patel,Male,9,C,88,45,99,69,80,68.86,No
3741,Ananya Iyer,Female,10,C,52,70,78,99,64,76.56,Yes
3742,Ananya Singh,Female,10,B,59,83,39,71,51,70.75,No
3743,Arjun Nair,Female,12,D,98,42,54,50,96,92.48,Yes
3744,Neha Kumar,Male,9,A,35,64,91,87,61,90.56,No
3745,Arjun Patel,Male,8,B,97,67,46,55,90,84.44,Yes
3746,Vikram Das,Female,8,A,36,87,48,94,35,94.67,Yes
3747,Neha Patel,Male,7,B,73,39,56,95,81,83.52,Yes
3748,Priya Sharma,Male,9,C,92,81,81,75,95,72.05,No
3749,Sneha Nair,Male,6,D,35,78,85,42,78,99.63,No
3750,Sneha Verma,Female,6,A,86,35,38,90,83,93.12,No
3751,Meera Kumar,Male,6,D,83,86,37,56,72,71.67,No
3752,Kiran Gupta,Female,11,A,100,45,72,62,64,90.37,No
3753,Neha Iyer,Female,9,C,81,68,85,37,84,82.26,No
3754,Rahul Das,Male,8,B,65,55,74,90,86,75.09,Yes
3755,Vikram Reddy,Female,12,C,39,71,48,72,37,67.72,Yes
3756,Aditya Verma,Female,8,C,48,52,84,50,65,94.66,Yes
3757,Rahul Nair,Male,6,C,72,62,43,55,45,91.64,No
3758,Priya Kumar,Female,10,A,40,95,58,78,86,75.49,No
3759,Rahul Patel,Male,9,B,88,79,92,60,91,87.91,No
3760,Meera Sharma,Female,6,B,86,97,93,96,83,99.87,No
3761,Neha Patel,Male,11,B,69,84,96,62,94,63.18,No
3762,Ananya Kumar,Female,12,D,50,51,38,74,77,70.56,Yes
3763,Rahul Verma,Female,8,B,52,83,92,86,70,98.24,Yes
3764,Kiran Das,Female,8,D,99,85,36,96,89,69.28,Yes
3765,Aditya Reddy,Male,8,A,71,41,71,72,68,78.66,Yes
3766,Ananya Sharma,Female,7,C,73,69,78,54,96,82.43,Yes
3767,Arjun Gupta,Female,8,D,55,95,70,42,93,72.7,Yes
3768,Neha Patel,Male,8,D,35,65,92,56,38,69.14,No
3769,Vikram Gupta,Male,11,A,82,98,96,93,35,95.63,No
3770,Priya Sharma,Male,7,B,57,76,85,92,96,87.66,No
3771,Kiran Patel,Male,12,D,96,43,86,58,87,76.26,No
3772,Vikram Das,Male,9,B,63,85,61,50,65,60.41,Yes
3773,Rahul Das,Male,8,D,73,38,67,86,85,74.65,No
3774,Neha Iyer,Female,6,C,63,85,73,69,66,92.69,No
3775,Aditya Reddy,Male,6,D,83,56,41,39,44,88.03,Yes
3776,Aditya Verma,Male,10,A,38,55,37,80,66,94.34,No
3777,Arjun Singh,Female,9,D,88,40,39,45,56,95.06,Yes
3778,Meera Kumar,Male,12,C,36,69,50,75,93,73.08,No
3779,Rahul Iyer,Female,10,D,46,57,96,92,60,92.17,Yes
3780,Sneha Kumar,Female,12,C,54,37,46,69,67,91.86,No
3781,Kiran Das,Male,9,B,81,41,88,71,43,60.56,Yes
3782,Vikram Singh,Male,11,D,66,58,87,82,52,68.48,No
3783,Priya Kumar,Female,9,A,51,42,63,70,87,78.2,Yes
3784,Kiran Singh,Female,11,A,44,100,57,100,49,95.7,Yes
3785,Priya Patel,Female,12,C,58,78,90,51,89,92.24,Yes
3786,Ananya Verma,Male,12,B,99,71,93,77,44,69.79,No
3787,Arjun Iyer,Female,10,A,99,75,37,82,52,86.8,Yes
3788,Priya Kumar,Female,9,C,44,51,42,86,37,86.47,No
3789,Meera Reddy,Female,12,D,62,91,54,77,65,91.63,Yes
3790,Meera Kumar,Female,9,C,64,67,69,51,37,87.52,No
3791,Arjun Sharma,Male,12,B,48,80,41,95,98,69.72,No
3792,Sneha Gupta,Male,12,A,65,69,61,58,55,95.2,Yes
3793,Arjun Kumar,Female,12,C,79,83,53,99,73,84.28,No
3794,Kiran Kumar,Female,10,B,64,66,72,61,44,61.18,No
3795,Meera Verma,Female,12,D,91,58,36,78,96,67.2,Yes
3796,Neha Iyer,Male,6,A,90,81,72,86,37,93.3,No
3797,Priya Das,Male,11,C,83,94,35,61,55,77.9,No
3798,Priya Verma,Female,12,C,41,39,51,39,97,73.66,Yes
3799,Arjun Singh,Female,12,A,94,71,61,37,86,93.04,No
3800,Ananya Iyer,Male,10,B,40,54,73,67,69,60.52,No
3801,Sneha Reddy,Female,6,A,50,43,58,42,60,90.29,No
3802,Rahul Gupta,Male,11,D,67,51,90,45,85,76.6,No
3803,Aditya Iyer,Male,6,D,63,79,58,91,78,76.81,Yes
3804,Arjun Verma,Male,6,B,36,35,44,84,45,85.42,Yes
3805,Rahul Reddy,Female,7,A,42,98,72,43,84,95.05,No
3806,Sneha Sharma,Female,6,C,53,65,47,85,97,65.61,Yes
3807,Aditya Das,Female,8,D,49,39,83,41,85,62.45,No
3808,Sneha Iyer,Female,10,B,44,67,50,50,40,62.4,Yes
3809,Neha Sharma,Female,9,A,48,47,93,42,79,90.7,No
3810,Ananya Das,Female,10,C,93,81,92,37,63,92.22,Yes
3811,Kiran Iyer,Female,11,C,97,45,37,62,96,81.17,No
3812,Priya Nair,Male,12,A,35,71,75,62,59,70.58,Yes
3813,Arjun Singh,Male,6,D,39,35,38,54,85,98.12,No
3814,Priya Kumar,Female,9,C,60,90,72,46,89,68.43,Yes
3815,Priya Reddy,Male,9,B,60,41,59,79,99,66.55,No
3816,Rahul Das,Male,11,B,38,41,68,36,100,88.54,Yes
3817,Meera Nair,Female,10,A,73,73,64,42,85,99.26,No
3818,Ananya Nair,Male,6,B,91,48,86,48,35,82.59,Yes
3819,Ananya Das,Female,7,C,51,45,77,54,88,79.36,No
3820,Meera Reddy,Male,9,A,85,87,90,70,88,99.68,No
3821,Meera Singh,Female,7,C,74,89,77,59,94,71.67,Yes
3822,Priya Nair,Female,9,D,83,97,96,63,82,63.54,No
3823,Arjun Patel,Male,11,B,96,38,47,68,37,95.27,No
3824,Arjun Iyer,Male,8,A,83,63,53,63,42,86.02,No
3825,Ananya Nair,Female,11,D,44,46,81,79,64,69.2,No
3826,Meera Das,Male,12,A,90,58,100,46,76,88.79,No
3827,Kiran Sharma,Male,6,A,79,45,62,68,60,70.96,Yes
3828,Kiran Patel,Female,9,A,98,91,66,71,97,65.8,No
3829,Meera Das,Female,9,B,47,97,72,65,37,84.69,No
3830,Ananya Singh,Male,10,B,52,85,65,73,96,60.97,Yes
3831,Neha Kumar,Male,9,B,40,74,79,68,54,75.11,No
3832,Ananya Patel,Male,6,B,78,47,51,94,85,99.31,Yes
3833,Aditya Sharma,Female,12,A,91,67,68,94,89,73.64,Yes
3834,Rahul Singh,Female,12,D,77,49,87,57,43,79.07,Yes
3835,Ananya Reddy,Male,8,B,73,76,68,93,38,88.47,No
3836,Arjun Sharma,Female,12,D,68,77,40,97,88,76.78,No
3837,Vikram Singh,Male,7,B,50,57,93,90,40,79.82,Yes
3838,Sneha Kumar,Female,10,B,51,67,81,51,71,93.04,Yes
3839,Kiran Sharma,Male,8,B,74,48,97,89,80,72.46,Yes
3840,Aditya Reddy,Male,11,A,39,47,72,94,63,82.73,Yes
3841,Rahul Gupta,Male,12,C,67,71,36,47,52,78.35,Yes
3842,Rahul Iyer,Female,11,A,76,84,99,78,59,93.1,Yes
3843,Neha Reddy,Female,8,C,97,67,36,35,59,61.15,Yes
3844,Rahul Gupta,Male,12,D,68,47,84,76,72,61.32,Yes
3845,Ananya Das,Female,8,B,88,75,92,51,36,97.15,Yes
3846,Vikram Das,Female,9,B,87,40,36,36,81,83.18,Yes
3847,Meera Verma,Male,6,B,35,35,77,59,93,81.52,No
3848,Vikram Iyer,Male,12,B,41,59,36,93,44,62.46,Yes
3849,Kiran Gupta,Male,7,B,94,83,85,56,49,74.65,Yes
3850,Priya Reddy,Male,9,A,51,93,52,56,74,93.96,Yes
3851,Vikram Das,Male,8,B,74,56,84,60,97,85.79,No
3852,Neha Kumar,Female,10,A,41,53,64,65,81,74.53,No
3853,Ananya Nair,Male,8,D,62,47,90,45,38,74.01,No
3854,Priya Patel,Male,11,B,87,46,69,42,73,62.58,No
3855,Neha Kumar,Male,11,A,58,94,100,47,70,73.13,No
3856,Vikram Reddy,Male,10,A,95,55,100,70,78,91.33,No
3857,Vikram Iyer,Female,10,C,40,40,57,88,58,82.11,No
3858,Priya Verma,Male,9,B,37,42,37,80,93,92.09,Yes
3859,Neha Iyer,Female,12,B,76,92,76,53,51,73.21,No
3860,Kiran Verma,Male,11,C,89,36,35,48,78,87.78,Yes
3861,Rahul Patel,Female,12,B,69,58,72,71,96,87.14,Yes
3862,Rahul Kumar,Male,10,A,85,92,52,74,69,91.24,Yes
3863,Neha Kumar,Female,11,D,55,71,96,97,71,78.32,Yes
3864,Arjun Verma,Male,8,D,51,38,47,42,39,88.64,No
3865,Sneha Singh,Female,8,A,99,36,68,52,40,87.12,Yes
3866,Sneha Sharma,Female,12,D,79,93,66,62,90,99.71,Yes
3867,Vikram Iyer,Female,8,D,81,80,79,52,77,80.36,No
3868,Kiran Verma,Female,6,D,84,69,99,96,56,86.31,No
3869,Vikram Iyer,Male,7,A,41,41,57,78,80,70.45,No
3870,Priya Patel,Male,8,D,100,79,52,68,100,71.45,No
3871,Arjun Singh,Male,11,C,82,39,77,84,62,90.61,No
3872,Arjun Das,Female,11,A,43,48,85,50,60,81.39,No
3873,Priya Gupta,Female,8,C,55,57,48,59,66,95.38,Yes
3874,Aditya Reddy,Female,12,D,46,45,35,48,83,77.66,No
3875,Aditya Patel,Female,6,C,35,77,54,91,47,99.79,Yes
3876,Kiran Gupta,Female,9,C,61,74,96,84,62,88.61,No
3877,Meera Das,Male,11,D,93,84,74,75,42,81.59,Yes
3878,Meera Gupta,Female,11,C,55,43,92,39,38,94.38,Yes
3879,Meera Nair,Female,6,C,75,97,73,42,52,96.27,No
3880,Priya Gupta,Female,10,D,89,76,82,47,56,76.63,Yes
3881,Sneha Sharma,Female,10,B,92,61,48,65,79,83.26,No
3882,Meera Nair,Male,12,C,76,57,60,57,82,87.72,Yes
3883,Rahul Singh,Female,8,D,44,48,84,57,94,70.8,Yes
3884,Priya Reddy,Female,10,B,100,87,60,52,98,88.03,Yes
3885,Sneha Reddy,Female,8,A,51,44,40,83,35,91.25,No
3886,Kiran Patel,Female,8,B,61,70,88,35,58,85.98,No
3887,Sneha Patel,Female,9,C,44,86,57,98,39,92.46,No
3888,Rahul Reddy,Female,11,A,69,64,79,47,95,65.23,Yes
3889,Kiran Verma,Female,6,C,74,81,56,84,41,85.34,Yes
3890,Sneha Kumar,Female,11,D,54,56,67,39,75,97.1,No
3891,Sneha Sharma,Female,6,A,63,37,35,69,81,86.24,Yes
3892,Ananya Kumar,Male,7,C,41,99,97,39,82,76.75,Yes
3893,Sneha Kumar,Female,8,D,65,100,82,43,54,82.26,Yes
3894,Neha Gupta,Female,8,D,40,40,79,81,97,88.46,Yes
3895,Sneha Verma,Male,9,B,86,84,35,71,36,72.16,No
3896,Priya Sharma,Male,9,C,36,77,87,85,79,91.27,Yes
3897,Kiran Kumar,Female,12,D,52,55,60,56,72,67.27,No
3898,Sneha Sharma,Male,9,B,43,48,39,89,95,93.53,Yes
3899,Sneha Das,Male,8,A,46,73,53,41,54,81.9,Yes
3900,Rahul Nair,Male,7,D,50,69,35,51,71,97.2,No
3901,Rahul Nair,Female,11,B,56,71,65,37,54,69.26,Yes
3902,Arjun Sharma,Male,6,B,51,92,56,55,68,86.49,No
3903,Arjun Gupta,Female,10,A,64,77,64,55,76,98.93,Yes
3904,Ananya Das,Male,10,C,70,87,97,83,71,62.24,No
3905,Ananya Gupta,Female,7,D,43,70,35,59,35,85.68,Yes
3906,Neha Sharma,Female,7,B,83,42,51,97,59,96.4,No
3907,Kiran Iyer,Male,9,A,97,60,89,58,53,71.66,No
3908,Ananya Iyer,Male,10,B,73,59,99,54,43,71.17,Yes
3909,Neha Nair,Male,7,B,63,60,45,60,99,97.55,No
3910,Rahul Nair,Male,8,A,84,53,97,38,72,96.77,Yes
3911,Meera Singh,Female,6,B,74,78,55,58,54,70.07,No
3912,Kiran Iyer,Male,10,B,64,79,39,70,88,96.36,Yes
3913,Sneha Iyer,Female,6,C,60,78,64,61,92,80.34,No
3914,Neha Reddy,Male,8,B,39,69,78,96,81,82.82,Yes
3915,Vikram Nair,Female,12,D,51,63,58,59,36,60.23,Yes
3916,Vikram Das,Male,10,D,73,99,73,85,93,71.41,No
3917,Rahul Gupta,Male,8,B,81,83,81,40,83,82.86,Yes
3918,Ananya Sharma,Male,8,B,82,68,48,49,42,95.69,No
3919,Priya Das,Male,11,C,44,53,89,87,92,76.84,Yes
3920,Neha Singh,Male,11,C,86,73,96,39,66,68.02,No
3921,Rahul Singh,Female,12,B,54,38,90,75,69,94.01,Yes
3922,Rahul Das,Male,8,B,73,42,61,96,44,73.81,No
3923,Sneha Reddy,Male,10,A,77,87,66,38,81,69.63,Yes
3924,Rahul Nair,Female,7,D,70,91,71,91,94,62.47,No
3925,Kiran Singh,Female,7,D,64,39,94,38,93,80.97,Yes
3926,Meera Sharma,Male,7,C,72,36,82,85,73,97.7,Yes
3927,Meera Verma,Female,8,A,38,70,67,43,41,86.32,Yes
3928,Ananya Nair,Male,11,A,72,57,38,71,61,60.65,No
3929,Aditya Sharma,Female,6,B,44,42,93,40,70,87.4,Yes
3930,Meera Sharma,Female,8,A,62,46,81,100,93,81.99,Yes
3931,Kiran Das,Male,12,D,91,80,49,69,49,70.6,Yes
3932,Priya Reddy,Female,9,A,79,50,69,51,93,78.97,Yes
3933,Meera Kumar,Male,10,D,49,48,77,50,50,63.17,No
3934,Rahul Iyer,Male,8,B,82,59,68,49,39,75.72,No
3935,Priya Sharma,Female,11,D,58,75,79,62,50,93.97,Yes
3936,Ananya Patel,Female,6,B,53,35,91,53,76,89.35,No
3937,Priya Nair,Female,6,D,39,89,51,75,64,92.5,No
3938,Arjun Reddy,Male,10,B,44,47,69,42,38,92.45,Yes
3939,Rahul Gupta,Female,11,A,52,58,92,74,44,73.42,No
3940,Neha Nair,Female,8,B,73,77,40,54,86,77.05,Yes
3941,Ananya Patel,Female,11,D,90,70,43,45,39,73.37,Yes
3942,Neha Nair,Female,7,C,59,37,89,98,95,79.91,Yes
3943,Kiran Iyer,Female,10,A,36,98,35,100,52,70.06,Yes
3944,Vikram Gupta,Male,11,C,45,63,59,47,80,78.18,Yes
3945,Arjun Verma,Male,11,B,90,84,45,84,55,60.65,No
3946,Rahul Gupta,Female,11,A,52,83,86,42,88,98.04,No
3947,Meera Reddy,Male,10,C,35,65,38,58,96,75.64,No
3948,Sneha Das,Male,12,D,64,61,62,79,40,75.65,No
3949,Ananya Das,Male,12,C,80,37,38,39,78,93.26,Yes
3950,Neha Sharma,Male,6,D,58,81,41,99,39,74.06,No
3951,Kiran Singh,Female,12,A,71,43,51,68,62,76.71,No
3952,Arjun Kumar,Male,11,B,40,91,86,46,50,90.49,Yes
3953,Aditya Gupta,Male,9,D,68,36,65,52,46,78.0,No
3954,Neha Reddy,Male,12,D,90,91,77,82,37,98.76,Yes
3955,Aditya Patel,Female,8,B,48,77,92,80,51,95.73,No
3956,Arjun Verma,Male,12,D,39,60,42,62,89,79.83,No
3957,Ananya Kumar,Female,9,C,61,76,44,75,66,70.35,No
3958,Aditya Patel,Male,9,A,48,56,42,93,40,90.5,Yes
3959,Sneha Iyer,Male,12,A,49,35,66,53,35,80.11,Yes
3960,Aditya Reddy,Female,6,A,94,79,97,80,49,95.46,No
3961,Meera Gupta,Male,9,D,68,74,69,41,70,68.94,No
3962,Kiran Reddy,Female,11,B,51,56,94,91,51,77.26,Yes
3963,Priya Singh,Male,7,D,37,58,73,87,80,88.84,Yes
3964,Meera Verma,Female,9,D,67,62,59,92,70,74.09,Yes
3965,Vikram Sharma,Male,7,C,91,87,45,73,73,70.2,Yes
3966,Ananya Patel,Female,12,A,42,100,77,91,78,68.91,No
3967,Neha Singh,Female,9,B,48,62,67,58,37,60.52,No
3968,Neha Nair,Female,10,C,55,60,72,86,45,72.69,Yes
3969,Meera Das,Female,9,A,87,40,46,37,83,97.82,No
3970,Priya Verma,Female,10,B,74,51,82,88,81,82.09,Yes
3971,Vikram Kumar,Female,11,A,73,72,78,37,64,95.25,No
3972,Sneha Verma,Male,11,C,83,84,37,50,67,71.77,No
3973,Arjun Nair,Female,12,C,63,58,63,44,79,86.51,Yes
3974,Arjun Iyer,Male,9,A,40,72,98,89,37,63.03,Yes
3975,Vikram Patel,Male,8,C,44,57,54,67,79,70.93,Yes
3976,Vikram Patel,Male,12,D,48,73,97,74,53,95.34,Yes
3977,Ananya Singh,Male,10,B,40,60,80,42,42,77.73,No
3978,Ananya Iyer,Female,8,A,39,76,59,75,96,91.82,No
3979,Arjun Patel,Female,12,D,61,62,84,43,69,67.23,No
3980,Ananya Singh,Male,8,A,90,63,54,75,90,76.63,Yes
3981,Aditya Verma,Male,11,C,65,88,73,78,44,77.74,Yes
3982,Ananya Kumar,Female,9,B,42,84,43,68,85,61.18,No
3983,Aditya Reddy,Female,8,A,42,42,54,76,87,87.06,Yes
3984,Priya Gupta,Female,12,B,92,66,95,96,96,75.3,No
3985,Arjun Nair,Male,8,D,50,71,79,49,59,78.07,Yes
3986,Rahul Verma,Male,9,C,90,78,58,63,83,79.15,No
3987,Rahul Iyer,Female,12,C,78,68,36,64,74,83.37,Yes
3988,Neha Iyer,Female,10,C,77,65,86,73,56,67.25,Yes
3989,Neha Singh,Female,6,C,67,68,98,85,80,80.17,Yes
3990,Neha Sharma,Male,10,D,84,56,92,42,69,94.31,No
3991,Rahul Verma,Female,6,C,64,69,69,63,38,65.26,No
3992,Sneha Verma,Female,8,C,57,70,42,54,68,92.81,Yes
3993,Aditya Das,Female,11,A,92,86,60,67,57,79.51,No
3994,Ananya Iyer,Male,6,C,92,93,59,96,45,73.66,No
3995,Meera Das,Male,6,D,62,83,95,45,65,89.68,No
3996,Sneha Reddy,Female,6,B,44,50,85,89,88,94.69,Yes
3997,Kiran Nair,Female,11,D,90,96,85,57,44,80.09,Yes
3998,Aditya Iyer,Male,7,C,98,86,89,91,40,99.48,No
3999,Meera Das,Female,6,C,80,93,53,77,93,81.47,Yes
4000,Sneha Kumar,Male,10,A,38,59,72,43,63,91.09,Yes
4001,Aditya Kumar,Female,7,C,96,47,43,79,75,80.72,Yes
4002,Rahul Reddy,Male,12,C,45,91,46,35,92,92.91,No
4003,Ananya Iyer,Female,11,B,49,61,47,85,73,72.51,Yes
4004,Sneha Das,Female,7,C,76,36,63,81,66,69.72,Yes
4005,Meera Sharma,Male,7,C,73,86,92,76,43,71.69,No
4006,Neha Iyer,Female,6,B,47,96,35,81,89,81.31,Yes
4007,Priya Verma,Male,7,A,43,69,62,77,74,74.84,Yes
4008,Kiran Iyer,Male,9,D,65,88,73,74,74,95.91,Yes
4009,Arjun Das,Male,12,B,87,92,59,52,38,75.08,Yes
4010,Aditya Nair,Female,7,B,44,46,57,69,92,70.51,Yes
4011,Priya Sharma,Female,10,D,56,42,61,99,96,65.38,Yes
4012,Meera Nair,Male,7,B,99,59,40,48,82,95.55,No
4013,Neha Kumar,Female,9,D,45,90,42,84,100,61.38,Yes
4014,Arjun Singh,Male,6,C,69,88,37,45,60,64.74,No
4015,Sneha Patel,Female,6,C,98,68,60,58,48,89.41,Yes
4016,Meera Kumar,Female,10,C,51,45,95,48,83,93.7,Yes
4017,Neha Reddy,Male,9,C,43,97,88,75,51,60.72,No
4018,Neha Singh,Male,12,D,38,38,44,88,36,64.3,Yes
4019,Priya Patel,Female,6,D,72,61,73,81,60,86.21,No
4020,Sneha Nair,Male,6,D,39,49,82,60,77,68.06,Yes
4021,Priya Patel,Male,12,C,90,57,74,37,73,99.77,No
4022,Arjun Singh,Female,8,C,76,80,47,86,61,66.52,No
4023,Arjun Kumar,Female,12,C,47,45,61,82,60,82.67,Yes
4024,Sneha Verma,Male,11,D,86,98,91,38,81,66.21,No
4025,Vikram Das,Male,8,B,68,53,36,39,100,87.08,Yes
4026,Priya Verma,Female,9,B,40,59,96,38,62,78.09,Yes
4027,Meera Nair,Male,8,D,74,80,61,42,93,70.08,No
4028,Vikram Reddy,Male,8,A,79,50,70,36,75,62.29,Yes
4029,Vikram Reddy,Male,11,D,44,98,39,35,39,98.73,No
4030,Aditya Reddy,Male,11,B,67,99,48,36,71,87.14,Yes
4031,Priya Kumar,Male,11,D,53,76,81,90,45,70.86,Yes
4032,Rahul Gupta,Female,6,A,42,59,51,50,77,65.83,No
4033,Meera Iyer,Female,6,A,47,74,100,64,55,70.02,Yes
4034,Neha Das,Female,12,B,87,44,51,50,84,92.71,No
4035,Neha Singh,Male,11,A,35,44,43,56,61,68.77,Yes
4036,Meera Das,Female,10,D,78,82,84,94,66,67.47,Yes
4037,Kiran Verma,Female,6,C,65,74,71,85,56,67.01,Yes
4038,Ananya Singh,Male,8,B,100,36,78,82,35,84.59,No
4039,Rahul Verma,Male,9,B,85,54,77,92,97,67.17,Yes
4040,Vikram Iyer,Male,9,C,50,41,82,45,79,89.65,Yes
4041,Priya Kumar,Female,6,C,80,82,56,89,67,69.87,No
4042,Rahul Nair,Male,9,B,51,74,53,68,96,97.05,Yes
4043,Neha Verma,Male,11,B,37,54,44,93,57,75.36,Yes
4044,Sneha Singh,Male,6,C,77,97,49,66,48,71.64,No
4045,Rahul Kumar,Male,6,B,42,52,70,43,63,60.63,Yes
4046,Meera Patel,Male,8,D,73,74,58,45,71,69.93,No
4047,Vikram Sharma,Female,8,B,52,96,95,38,51,77.1,No
4048,Neha Iyer,Female,10,D,92,58,79,86,90,85.92,No
4049,Meera Reddy,Male,8,A,92,90,72,83,92,66.72,No
4050,Kiran Patel,Male,10,D,99,38,40,91,49,96.43,No
4051,Ananya Kumar,Male,11,C,58,51,40,47,43,65.76,No
4052,Arjun Singh,Male,7,C,63,65,52,61,45,92.33,Yes
4053,Sneha Reddy,Female,6,D,86,95,74,74,87,83.29,Yes
4054,Ananya Reddy,Male,10,C,43,49,50,82,98,81.81,No
4055,Rahul Patel,Male,7,D,50,76,82,86,36,67.27,No
4056,Rahul Patel,Female,12,B,73,78,100,71,83,89.63,Yes
4057,Ananya Reddy,Female,9,D,79,38,37,80,93,85.08,Yes
4058,Ananya Verma,Female,11,C,70,41,42,54,97,93.01,No
4059,Rahul Singh,Female,7,D,61,86,84,89,41,71.46,No
4060,Ananya Reddy,Male,10,A,87,43,56,97,91,85.78,No
4061,Ananya Iyer,Female,10,D,91,72,82,51,94,95.84,Yes
4062,Meera Verma,Male,8,D,98,76,71,50,62,91.65,No
4063,Priya Kumar,Female,10,D,38,93,42,95,91,85.68,No
4064,Priya Kumar,Male,6,A,44,97,60,48,68,64.17,No
4065,Rahul Kumar,Male,6,B,80,83,92,51,68,62.09,No
4066,Priya Nair,Female,12,A,98,95,71,80,90,72.83,No
4067,Aditya Nair,Female,7,D,74,54,99,52,54,60.95,Yes
4068,Arjun Singh,Male,6,D,72,86,40,93,55,75.04,Yes
4069,Arjun Reddy,Female,10,D,88,41,87,92,64,77.56,No
4070,Arjun Sharma,Male,7,A,78,84,59,57,42,74.98,Yes
4071,Kiran Kumar,Male,9,D,49,77,67,69,79,65.06,No
4072,Aditya Gupta,Female,6,A,38,39,56,39,83,79.67,Yes
4073,Aditya Sharma,Female,7,B,58,47,81,50,94,72.6,No
4074,Ananya Gupta,Male,10,D,38,78,90,80,64,63.22,No
4075,Sneha Singh,Male,7,A,98,40,71,62,45,91.6,Yes
4076,Ananya Iyer,Male,7,B,94,67,77,99,59,89.35,No
4077,Aditya Nair,Female,6,A,97,85,95,92,62,96.22,Yes
4078,Meera Reddy,Male,12,B,39,79,57,54,61,81.19,No
4079,Rahul Nair,Male,9,D,77,40,69,71,38,75.9,Yes
4080,Rahul Singh,Female,10,D,67,87,39,70,49,97.05,Yes
4081,Kiran Reddy,Female,11,C,76,74,51,94,66,67.86,No
4082,Arjun Nair,Male,8,D,44,84,39,74,95,86.78,Yes
4083,Arjun Nair,Female,11,C,68,72,45,40,68,67.94,No
4084,Arjun Nair,Female,9,A,77,36,61,76,87,91.14,Yes
4085,Sneha Iyer,Male,12,C,85,69,76,85,36,71.76,No
4086,Meera Reddy,Male,9,C,85,65,57,58,86,79.41,Yes
4087,Meera Reddy,Female,10,C,49,58,79,56,93,67.14,Yes
4088,Kiran Gupta,Female,7,B,51,53,79,66,67,62.83,No
4089,Priya Iyer,Female,6,D,86,82,97,55,55,86.8,No
4090,Vikram Verma,Male,9,D,36,98,62,65,71,61.91,Yes
4091,Sneha Iyer,Male,9,A,80,58,84,88,86,75.3,Yes
4092,Vikram Sharma,Female,10,C,88,77,65,41,38,61.98,Yes
4093,Ananya Kumar,Male,10,B,87,37,70,95,35,84.75,Yes
4094,Sneha Patel,Female,12,A,68,53,49,62,95,71.55,Yes
4095,Ananya Gupta,Male,10,B,53,87,99,70,76,70.4,No
4096,Kiran Nair,Male,11,B,85,100,62,53,74,61.19,No
4097,Rahul Verma,Male,12,C,99,48,88,44,99,61.02,Yes
4098,Neha Verma,Male,8,A,61,64,85,57,91,65.86,No
4099,Aditya Kumar,Male,7,D,81,68,52,84,97,69.3,Yes
4100,Ananya Nair,Male,7,A,75,79,65,53,75,62.01,Yes
4101,Kiran Gupta,Male,12,B,91,67,81,47,45,88.18,No
4102,Priya Reddy,Female,6,D,57,72,76,48,63,67.97,No
4103,Kiran Sharma,Female,12,D,76,54,86,85,74,96.27,No
4104,Meera Reddy,Male,7,B,35,93,54,59,50,83.32,Yes
4105,Vikram Singh,Female,8,C,41,87,62,90,100,73.61,Yes
4106,Kiran Iyer,Female,11,C,80,44,83,87,91,76.24,Yes
4107,Rahul Patel,Female,8,C,79,48,72,65,92,86.67,No
4108,Sneha Singh,Male,8,A,88,54,90,60,50,79.9,No
4109,Aditya Singh,Male,7,B,47,58,73,51,48,92.4,No
4110,Sneha Verma,Male,11,A,64,67,91,61,48,78.15,Yes
4111,Arjun Nair,Female,10,B,76,36,99,61,65,66.73,Yes
4112,Arjun Singh,Female,7,C,46,62,75,89,60,99.39,No
4113,Sneha Reddy,Female,6,A,83,64,60,79,68,77.85,Yes
4114,Priya Singh,Male,7,B,76,73,48,97,87,81.78,Yes
4115,Rahul Sharma,Female,10,B,67,78,40,57,100,97.25,No
4116,Ananya Reddy,Female,10,A,100,45,89,57,82,97.66,Yes
4117,Meera Singh,Female,7,D,78,47,60,62,90,64.44,Yes
4118,Kiran Iyer,Female,12,D,45,90,47,89,36,72.75,Yes
4119,Sneha Iyer,Male,9,B,83,95,45,51,98,88.03,No
4120,Arjun Das,Female,7,A,57,48,93,73,35,86.52,No
4121,Neha Iyer,Male,10,D,92,53,41,69,46,82.18,Yes
4122,Neha Patel,Male,10,A,83,91,92,75,84,87.61,No
4123,Aditya Sharma,Male,10,B,81,79,66,50,92,98.98,No
4124,Arjun Singh,Female,12,A,90,49,72,64,69,61.95,No
4125,Rahul Das,Female,8,C,79,91,88,42,72,63.56,Yes
4126,Priya Sharma,Female,9,B,87,42,62,100,77,85.85,Yes
4127,Vikram Verma,Male,7,A,61,54,89,97,100,68.65,No
4128,Sneha Kumar,Female,10,A,94,94,87,66,100,74.48,No
4129,Neha Nair,Male,8,C,64,97,87,60,88,76.21,No
4130,Meera Reddy,Female,12,A,90,82,62,78,77,73.88,Yes
4131,Neha Singh,Female,12,A,89,78,99,51,68,81.52,Yes
4132,Arjun Gupta,Female,11,B,77,76,70,50,92,83.22,No
4133,Sneha Reddy,Female,10,A,68,55,44,80,67,72.4,Yes
4134,Neha Das,Female,12,D,53,74,53,81,98,70.47,No
4135,Arjun Kumar,Male,11,D,94,37,60,82,67,96.84,No
4136,Kiran Patel,Male,9,D,97,76,44,35,38,75.81,No
4137,Meera Gupta,Female,6,D,56,64,70,87,48,74.5,Yes
4138,Aditya Reddy,Male,9,A,100,54,54,52,41,83.5,No
4139,Meera Patel,Male,6,B,80,40,43,46,73,77.65,No
4140,Rahul Gupta,Male,11,C,82,76,51,65,96,80.16,Yes
4141,Aditya Gupta,Female,8,D,72,75,83,71,71,65.46,No
4142,Sneha Patel,Male,12,B,74,88,78,43,40,68.29,No
4143,Vikram Patel,Male,10,B,72,46,61,40,50,76.89,Yes
4144,Kiran Singh,Female,12,A,60,81,66,72,50,98.61,No
4145,Sneha Patel,Female,11,B,40,93,49,54,47,85.02,Yes
4146,Meera Das,Male,9,B,56,63,43,83,94,99.66,Yes
4147,Meera Sharma,Male,7,B,65,86,96,35,52,91.91,No
4148,Ananya Gupta,Female,7,C,89,74,69,43,43,84.23,Yes
4149,Priya Singh,Female,11,B,85,66,85,55,74,92.29,Yes
4150,Sneha Verma,Female,10,B,42,63,44,95,79,84.92,No
4151,Priya Sharma,Male,10,A,59,81,96,52,83,84.63,No
4152,Sneha Gupta,Male,6,D,96,63,63,62,58,77.79,No
4153,Sneha Singh,Male,12,B,73,84,85,56,65,98.51,No
4154,Vikram Kumar,Female,11,B,38,44,35,49,81,87.14,No
4155,Aditya Verma,Female,9,B,35,92,69,42,81,64.19,No
4156,Arjun Patel,Male,7,A,92,93,77,41,52,73.78,No
4157,Neha Verma,Male,10,A,38,61,57,35,70,64.23,Yes
4158,Sneha Iyer,Male,10,A,42,54,93,57,78,92.7,No
4159,Priya Kumar,Male,7,D,62,94,42,42,98,90.51,No
4160,Sneha Patel,Male,12,B,55,79,48,94,84,77.18,Yes
4161,Meera Nair,Female,8,D,55,47,61,62,73,74.58,No
4162,Vikram Nair,Female,9,C,85,55,43,56,76,93.8,Yes
4163,Neha Gupta,Female,12,C,44,73,98,81,61,90.44,No
4164,Sneha Iyer,Male,8,D,72,100,80,89,74,99.81,No
4165,Kiran Gupta,Female,11,C,98,97,35,76,50,82.43,No
4166,Arjun Das,Female,10,D,70,78,43,47,82,83.44,Yes
4167,Priya Gupta,Male,12,C,87,99,93,35,74,94.9,No
4168,Aditya Das,Female,10,C,40,41,73,85,87,93.57,No
4169,Sneha Verma,Male,10,C,39,72,48,88,53,90.52,No
4170,Arjun Nair,Male,11,B,58,77,57,49,58,90.64,Yes
4171,Vikram Sharma,Male,10,C,68,83,52,98,83,69.74,Yes
4172,Aditya Verma,Female,8,D,46,75,47,51,77,71.03,Yes
4173,Vikram Kumar,Male,11,B,77,99,72,43,90,83.62,Yes
4174,Priya Gupta,Female,7,B,95,76,45,51,35,82.85,Yes
4175,Meera Verma,Male,9,C,93,66,43,50,45,71.49,No
4176,Sneha Patel,Female,12,A,47,41,75,35,71,86.9,No
4177,Neha Das,Male,10,D,69,42,38,81,97,74.68,Yes
4178,Aditya Singh,Female,10,C,56,46,37,73,55,60.67,No
4179,Meera Verma,Male,10,D,76,69,39,94,91,66.96,No
4180,Arjun Kumar,Female,6,C,50,41,61,93,82,93.4,No
4181,Arjun Iyer,Female,11,A,86,46,89,70,49,68.45,No
4182,Meera Nair,Female,12,B,83,75,81,81,55,79.38,Yes
4183,Kiran Gupta,Male,7,D,49,82,84,67,38,77.4,Yes
4184,Vikram Nair,Female,9,A,37,36,56,63,80,92.57,Yes
4185,Arjun Gupta,Female,8,D,49,77,95,61,68,84.04,Yes
4186,Vikram Kumar,Female,7,B,96,80,100,69,45,69.71,No
4187,Vikram Iyer,Male,6,A,46,50,64,64,95,84.4,Yes
4188,Sneha Patel,Male,8,B,56,70,45,91,36,86.77,Yes
4189,Rahul Iyer,Female,12,D,65,66,100,97,40,93.67,Yes
4190,Sneha Nair,Male,11,A,99,53,58,41,74,71.28,No
4191,Sneha Kumar,Male,10,D,100,47,88,67,80,79.03,Yes
4192,Aditya Nair,Female,10,A,36,58,100,72,56,65.32,Yes
4193,Ananya Sharma,Male,10,B,47,65,98,98,70,68.38,Yes
4194,Sneha Sharma,Female,11,D,56,77,46,98,63,68.92,No
4195,Vikram Reddy,Male,9,B,55,41,45,77,54,84.53,No
4196,Neha Das,Female,8,D,57,45,46,84,92,60.35,Yes
4197,Kiran Nair,Male,10,B,48,51,69,36,93,93.59,No
4198,Kiran Singh,Female,11,B,84,54,51,49,66,95.55,No
4199,Arjun Reddy,Male,7,C,67,83,76,38,51,92.79,Yes
4200,Vikram Singh,Female,8,C,70,91,53,80,72,78.65,Yes
4201,Arjun Singh,Female,8,C,51,48,92,81,87,69.24,No
4202,Neha Sharma,Female,12,D,76,47,71,73,68,72.21,No
4203,Ananya Singh,Male,12,C,75,55,75,52,100,90.25,No
4204,Aditya Das,Female,12,A,64,38,67,65,45,79.03,No
4205,Rahul Reddy,Male,10,A,63,90,98,78,68,81.08,Yes
4206,Ananya Iyer,Female,7,D,50,81,67,54,55,70.3,Yes
4207,Priya Sharma,Male,12,B,70,47,58,71,95,65.5,Yes
4208,Ananya Nair,Male,9,C,43,96,79,62,96,61.97,Yes
4209,Kiran Patel,Male,7,D,93,61,63,82,55,63.88,Yes
4210,Vikram Kumar,Male,11,D,81,80,57,88,63,66.36,Yes
4211,Vikram Gupta,Female,12,C,47,42,79,99,46,81.11,Yes
4212,Neha Gupta,Female,7,A,98,65,71,52,35,76.47,Yes
4213,Sneha Gupta,Female,8,B,74,60,59,71,93,88.49,No
4214,Rahul Sharma,Female,6,B,58,72,53,70,60,93.12,Yes
4215,Arjun Gupta,Male,11,D,63,49,83,59,63,65.35,Yes
4216,Arjun Verma,Female,12,B,74,67,96,99,65,93.56,Yes
4217,Ananya Reddy,Male,6,B,81,98,90,44,41,65.86,Yes
4218,Neha Verma,Male,9,B,70,72,81,57,39,77.63,Yes
4219,Priya Nair,Male,6,A,94,98,99,80,48,77.05,No
4220,Arjun Reddy,Male,6,C,70,72,37,53,94,77.5,Yes
4221,Meera Nair,Male,6,D,52,78,95,82,46,60.98,Yes
4222,Arjun Patel,Female,12,D,79,95,74,65,95,99.75,Yes
4223,Vikram Singh,Female,11,A,69,81,99,44,84,69.07,Yes
4224,Rahul Reddy,Male,10,A,55,59,87,59,95,98.89,No
4225,Meera Reddy,Male,10,A,61,46,41,54,83,66.12,No
4226,Arjun Kumar,Male,9,D,72,57,79,55,54,83.03,No
4227,Aditya Das,Female,12,C,98,83,63,44,90,84.08,No
4228,Priya Kumar,Male,7,D,78,63,80,71,55,93.32,Yes
4229,Ananya Nair,Female,9,D,92,84,51,56,87,96.46,No
4230,Kiran Reddy,Female,8,D,36,70,80,77,56,90.25,No
4231,Rahul Sharma,Female,10,D,68,53,81,71,92,81.3,No
4232,Aditya Patel,Female,6,D,40,59,72,100,97,96.5,Yes
4233,Meera Reddy,Female,6,A,79,83,78,65,82,67.41,Yes
4234,Meera Kumar,Female,12,B,67,35,46,79,37,87.06,No
4235,Sneha Iyer,Male,11,D,38,100,65,78,82,95.7,Yes
4236,Kiran Singh,Female,8,D,82,92,96,68,52,73.98,No
4237,Rahul Gupta,Male,11,C,62,84,56,96,76,76.14,No
4238,Neha Iyer,Female,6,D,90,96,58,75,64,62.27,Yes
4239,Priya Verma,Male,10,D,91,68,82,48,48,93.84,Yes
4240,Rahul Singh,Female,9,A,54,94,78,56,62,77.56,Yes
4241,Arjun Sharma,Male,11,C,84,59,75,44,97,74.03,Yes
4242,Priya Patel,Male,6,B,83,44,63,37,43,71.54,No
4243,Aditya Reddy,Female,7,C,44,42,62,89,98,73.12,Yes
4244,Kiran Gupta,Male,7,C,40,44,46,93,44,93.3,Yes
4245,Sneha Iyer,Male,10,D,47,68,87,93,42,82.08,No
4246,Sneha Iyer,Male,11,A,88,53,92,79,56,79.61,No
4247,Arjun Reddy,Male,6,D,91,95,72,41,35,83.78,No
4248,Arjun Reddy,Male,7,C,85,83,44,36,83,63.75,No
4249,Sneha Iyer,Male,6,D,42,37,47,35,54,90.01,Yes
4250,Meera Nair,Female,10,B,40,75,47,39,50,96.91,Yes
4251,Vikram Reddy,Female,10,B,69,49,35,83,94,77.45,No
4252,Meera Sharma,Male,8,C,45,45,89,64,57,82.35,Yes
4253,Priya Reddy,Female,8,B,77,99,84,50,90,77.84,Yes
4254,Meera Iyer,Male,12,B,76,67,73,84,75,73.07,Yes
4255,Aditya Nair,Male,12,B,76,68,41,77,94,97.9,No
4256,Arjun Nair,Female,7,C,52,88,62,66,82,67.18,Yes
4257,Ananya Kumar,Female,10,D,98,50,59,54,35,66.18,No
4258,Meera Patel,Male,6,B,48,88,92,89,94,71.2,Yes
4259,Rahul Verma,Female,10,A,98,59,42,40,73,84.49,Yes
4260,Arjun Gupta,Female,9,D,92,90,57,83,39,85.31,No
4261,Aditya Gupta,Male,11,A,67,98,50,88,73,92.87,No
4262,Aditya Kumar,Female,11,C,87,79,94,94,50,69.8,No
4263,Meera Kumar,Male,8,B,94,99,62,57,94,90.79,Yes
4264,Rahul Iyer,Female,9,C,67,72,51,98,74,90.74,No
4265,Kiran Singh,Female,11,C,42,59,38,38,54,85.73,No
4266,Sneha Das,Female,8,C,80,60,57,62,52,99.21,No
4267,Priya Patel,Male,8,D,88,100,55,51,88,92.64,No
4268,Priya Singh,Male,11,A,63,35,49,60,64,92.38,No
4269,Kiran Reddy,Male,8,D,96,36,47,74,46,64.61,Yes
4270,Priya Verma,Male,11,D,54,62,43,80,66,84.38,Yes
4271,Vikram Reddy,Male,8,D,86,78,39,43,83,68.08,No
4272,Priya Sharma,Female,9,B,50,82,43,39,46,62.48,No
4273,Aditya Patel,Male,6,B,93,97,63,52,36,87.09,No
4274,Kiran Gupta,Female,7,D,87,59,36,57,83,94.54,Yes
4275,Kiran Iyer,Female,11,B,47,46,74,66,45,89.86,No
4276,Priya Patel,Female,6,C,48,69,58,90,72,65.36,Yes
4277,Arjun Das,Female,11,D,49,71,60,99,60,93.35,Yes
4278,Kiran Iyer,Female,11,B,75,74,41,80,71,86.27,No
4279,Sneha Verma,Female,9,C,52,100,96,55,74,73.35,No
4280,Neha Verma,Male,7,C,78,79,72,38,70,66.06,Yes
4281,Arjun Reddy,Female,11,D,50,49,95,92,76,92.01,No
4282,Sneha Gupta,Male,11,C,91,83,84,51,90,83.78,Yes
4283,Sneha Gupta,Female,12,B,36,39,51,79,79,97.69,No
4284,Rahul Kumar,Female,11,B,93,97,62,48,57,92.69,Yes
4285,Aditya Kumar,Female,12,A,50,63,47,49,43,77.8,Yes
4286,Ananya Patel,Male,8,B,87,53,72,57,50,73.48,No
4287,Kiran Gupta,Female,8,B,98,95,43,93,43,69.24,Yes
4288,Priya Verma,Male,6,C,70,57,77,90,55,88.86,No
4289,Sneha Gupta,Female,12,C,60,60,50,90,45,90.69,Yes
4290,Neha Gupta,Male,10,D,95,72,54,95,96,73.22,No
4291,Sneha Das,Female,12,B,41,91,80,39,84,75.02,Yes
4292,Rahul Verma,Female,12,D,77,70,72,45,88,71.43,Yes
4293,Sneha Reddy,Male,6,C,83,75,74,38,56,75.47,Yes
4294,Meera Verma,Male,9,A,66,87,66,56,64,87.39,Yes
4295,Vikram Kumar,Male,7,A,89,80,86,46,60,87.81,Yes
4296,Ananya Patel,Female,6,C,100,72,76,69,74,96.95,Yes
4297,Arjun Sharma,Female,11,C,78,92,97,95,72,64.84,No
4298,Kiran Kumar,Male,10,B,47,86,66,60,57,95.43,Yes
4299,Sneha Das,Male,6,C,93,80,94,99,83,76.15,Yes
4300,Ananya Sharma,Male,12,C,37,93,83,89,89,61.78,No
4301,Neha Kumar,Male,10,C,53,89,45,41,88,80.52,No
4302,Priya Kumar,Male,7,D,67,98,69,48,68,62.56,No
4303,Arjun Singh,Male,10,D,71,100,61,75,84,62.0,Yes
4304,Meera Verma,Male,6,D,48,84,62,50,62,88.44,Yes
4305,Ananya Reddy,Male,10,B,48,96,51,47,87,73.3,Yes
4306,Vikram Reddy,Female,11,C,93,88,36,48,100,61.28,No
4307,Ananya Kumar,Male,7,D,51,74,46,77,51,87.44,Yes
4308,Rahul Verma,Male,12,D,90,78,45,97,97,68.04,Yes
4309,Meera Gupta,Female,8,B,49,65,76,52,97,87.05,No
4310,Rahul Kumar,Female,10,B,97,89,82,43,46,94.45,Yes
4311,Priya Das,Female,11,C,49,84,62,49,93,66.78,Yes
4312,Priya Singh,Male,9,B,46,59,71,50,64,91.37,Yes
4313,Sneha Patel,Female,9,A,95,74,88,99,91,73.03,No
4314,Aditya Das,Female,8,C,53,49,100,97,62,84.59,Yes
4315,Meera Nair,Female,8,D,95,70,40,79,42,68.72,Yes
4316,Priya Reddy,Male,8,D,82,41,88,76,88,84.79,No
4317,Sneha Verma,Female,12,C,72,96,97,45,64,72.32,Yes
4318,Priya Patel,Male,8,A,38,89,82,93,52,84.44,No
4319,Kiran Das,Female,9,B,40,88,98,41,65,95.68,Yes
4320,Sneha Das,Female,12,D,93,67,74,47,39,94.49,No
4321,Sneha Gupta,Female,6,A,58,42,36,62,70,61.41,Yes
4322,Priya Verma,Male,9,A,97,60,52,41,62,63.19,Yes
4323,Kiran Das,Female,8,D,81,47,99,69,95,80.35,No
4324,Neha Iyer,Female,8,D,80,94,96,45,47,71.69,Yes
4325,Ananya Gupta,Female,9,A,41,83,57,63,80,63.86,Yes
4326,Rahul Iyer,Female,9,D,73,53,37,37,64,67.49,No
4327,Priya Sharma,Male,6,C,52,68,47,47,69,90.2,Yes
4328,Ananya Das,Female,12,A,63,62,78,57,71,84.01,No
4329,Kiran Sharma,Male,11,D,44,38,69,56,96,62.15,No
4330,Sneha Verma,Female,10,D,85,43,53,92,87,79.64,Yes
4331,Meera Patel,Female,8,C,86,43,70,64,50,73.78,Yes
4332,Vikram Patel,Female,10,C,66,43,57,41,39,80.79,No
4333,Neha Sharma,Female,6,A,57,70,48,92,39,68.6,No
4334,Rahul Patel,Female,11,B,62,44,61,73,54,72.45,No
4335,Ananya Reddy,Female,12,D,55,44,96,95,72,89.1,Yes
4336,Meera Sharma,Male,9,B,98,69,52,45,78,95.74,No
4337,Priya Sharma,Female,11,D,65,45,63,53,70,87.5,No
4338,Neha Das,Male,10,D,75,46,85,85,56,79.26,No
4339,Priya Iyer,Male,9,C,90,99,90,55,62,77.67,No
4340,Ananya Iyer,Male,11,D,50,57,43,59,46,79.71,No
4341,Arjun Iyer,Male,6,B,56,91,89,55,70,72.24,Yes
4342,Ananya Verma,Female,7,A,36,63,98,99,40,76.8,No
4343,Kiran Kumar,Female,11,A,88,73,100,97,69,84.09,Yes
4344,Rahul Sharma,Male,11,B,56,83,86,99,95,61.03,Yes
4345,Ananya Kumar,Female,11,D,82,71,76,96,84,95.47,Yes
4346,Arjun Gupta,Male,8,D,71,61,37,99,49,68.9,Yes
4347,Rahul Kumar,Female,8,A,68,44,52,55,88,75.73,Yes
4348,Priya Sharma,Female,12,C,82,91,64,47,71,90.8,Yes
4349,Kiran Das,Male,7,C,97,91,89,35,60,99.2,Yes
4350,Vikram Sharma,Female,6,A,41,53,67,75,89,70.91,No
4351,Neha Patel,Female,10,D,66,63,60,66,99,67.83,Yes
4352,Vikram Iyer,Female,10,B,86,54,79,100,50,98.38,Yes
4353,Vikram Das,Male,9,C,58,53,66,77,39,79.65,Yes
4354,Ananya Verma,Female,7,C,52,49,38,83,67,96.94,No
4355,Arjun Patel,Male,8,B,79,42,85,94,54,99.9,Yes
4356,Kiran Das,Male,10,A,42,92,86,91,93,89.64,No
4357,Vikram Das,Female,11,B,96,44,43,40,80,86.08,No
4358,Aditya Das,Male,7,A,81,62,97,70,40,86.75,Yes
4359,Aditya Nair,Female,6,A,65,65,54,70,95,79.92,No
4360,Priya Reddy,Female,12,A,87,85,45,62,53,83.21,Yes
4361,Kiran Patel,Female,9,B,68,94,86,61,79,79.03,Yes
4362,Kiran Verma,Female,6,A,94,52,73,64,100,85.93,No
4363,Vikram Sharma,Male,10,D,90,55,69,75,37,97.19,Yes
4364,Aditya Gupta,Male,8,D,63,79,97,82,69,69.03,No
4365,Priya Patel,Female,12,C,85,47,42,97,98,88.86,No
4366,Ananya Nair,Male,7,B,89,74,83,45,76,97.37,Yes
4367,Arjun Sharma,Male,9,A,52,93,81,42,95,93.69,No
4368,Kiran Gupta,Male,12,A,75,48,67,80,65,94.83,No
4369,Neha Sharma,Male,9,A,54,39,98,78,35,62.19,No
4370,Neha Gupta,Male,8,C,79,63,55,53,68,70.25,No
4371,Kiran Kumar,Male,7,B,51,47,73,74,70,90.67,Yes
4372,Neha Gupta,Female,11,A,92,86,60,61,41,69.54,Yes
4373,Priya Das,Female,10,A,96,36,79,90,82,88.34,Yes
4374,Kiran Patel,Female,6,A,52,97,72,40,99,85.93,Yes
4375,Ananya Patel,Male,11,D,64,53,43,70,75,65.29,No
4376,Vikram Gupta,Female,7,B,35,58,71,42,81,65.78,No
4377,Arjun Kumar,Female,12,A,59,48,47,54,87,62.14,No
4378,Vikram Gupta,Female,8,C,43,69,69,36,65,81.74,No
4379,Priya Singh,Female,6,B,98,41,82,67,100,78.29,No
4380,Arjun Kumar,Female,9,B,63,38,41,82,85,99.86,No
4381,Aditya Das,Male,8,A,47,52,63,77,41,76.68,No
4382,Kiran Das,Male,12,C,38,79,37,100,81,85.76,No
4383,Kiran Kumar,Female,10,B,95,66,47,74,97,70.66,No
4384,Rahul Gupta,Male,11,B,76,54,45,84,37,83.7,Yes
4385,Rahul Iyer,Female,12,C,98,44,74,58,67,87.02,Yes
4386,Rahul Reddy,Male,6,A,51,90,88,52,65,79.4,Yes
4387,Vikram Reddy,Male,12,B,35,66,47,68,82,99.13,Yes
4388,Ananya Verma,Male,7,C,84,62,60,58,100,77.72,Yes
4389,Priya Das,Female,9,D,87,39,77,40,39,61.98,No
4390,Vikram Gupta,Female,11,B,49,76,95,82,41,96.51,No
4391,Aditya Patel,Female,9,A,41,96,93,70,48,91.96,Yes
4392,Priya Reddy,Female,8,D,87,46,78,67,49,78.17,Yes
4393,Arjun Das,Female,9,B,85,85,89,81,72,94.27,No
4394,Priya Patel,Female,7,D,98,89,90,81,80,84.73,Yes
4395,Rahul Patel,Female,8,B,64,48,89,58,58,75.25,No
4396,Vikram Singh,Male,10,D,47,74,84,55,64,76.16,No
4397,Vikram Sharma,Female,12,B,60,46,81,45,60,63.09,Yes
4398,Priya Das,Male,12,A,91,35,55,97,99,71.58,Yes
4399,Aditya Singh,Female,12,B,92,56,57,64,49,79.3,No
4400,Meera Gupta,Female,10,B,56,79,78,69,60,64.8,No
4401,Ananya Singh,Male,10,D,74,92,70,38,92,67.81,No
4402,Rahul Gupta,Female,6,D,79,87,78,91,97,83.59,Yes
4403,Kiran Reddy,Male,11,C,68,54,77,50,46,80.24,No
4404,Aditya Kumar,Female,6,B,72,48,82,51,100,98.33,Yes
4405,Aditya Verma,Female,6,A,89,46,92,41,83,70.08,Yes
4406,Aditya Singh,Female,7,B,98,79,57,37,47,92.76,No
4407,Neha Reddy,Female,9,A,83,73,44,79,95,69.12,No
4408,Kiran Verma,Female,6,A,60,69,44,97,99,62.75,Yes
4409,Ananya Reddy,Female,9,A,73,79,48,74,80,63.95,No
4410,Priya Verma,Male,10,D,62,84,39,94,57,83.79,No
4411,Meera Verma,Male,10,C,65,43,83,74,52,94.3,Yes
4412,Sneha Sharma,Male,9,A,74,84,70,67,78,60.13,Yes
4413,Arjun Das,Male,8,C,50,41,100,45,100,79.18,Yes
4414,Arjun Sharma,Male,9,D,65,52,93,58,56,68.27,No
4415,Sneha Das,Female,6,C,61,53,84,40,77,83.41,No
4416,Ananya Patel,Female,7,C,53,56,88,81,68,83.59,Yes
4417,Priya Patel,Female,7,C,82,47,59,79,90,71.84,No
4418,Arjun Das,Male,11,A,93,55,94,67,36,88.03,Yes
4419,Aditya Patel,Male,12,D,72,46,43,46,60,77.37,No
4420,Aditya Sharma,Male,11,C,71,57,89,40,40,76.51,Yes
4421,Rahul Patel,Female,7,C,94,59,75,73,82,95.04,Yes
4422,Rahul Kumar,Male,11,D,70,97,76,57,69,84.91,No
4423,Priya Das,Female,8,A,55,100,100,77,90,68.07,Yes
4424,Kiran Iyer,Female,9,C,93,42,61,45,35,63.13,Yes
4425,Meera Patel,Male,11,D,80,61,68,57,44,72.05,Yes
4426,Priya Singh,Female,12,D,71,99,64,89,60,82.48,Yes
4427,Priya Nair,Female,12,C,62,39,59,78,66,97.28,No
4428,Rahul Reddy,Female,6,D,60,71,83,88,37,97.61,No
4429,Vikram Gupta,Male,11,C,95,48,80,95,76,76.61,Yes
4430,Arjun Verma,Male,11,A,39,62,37,55,57,95.61,Yes
4431,Sneha Gupta,Female,8,A,57,47,88,100,63,65.46,Yes
4432,Vikram Kumar,Female,6,C,51,56,87,64,52,76.5,Yes
4433,Meera Singh,Female,8,B,95,48,78,39,69,72.87,No
4434,Ananya Verma,Female,9,A,45,50,80,47,61,67.14,No
4435,Rahul Patel,Male,11,D,59,78,80,69,88,84.43,Yes
4436,Sneha Patel,Female,12,B,46,39,78,91,45,82.7,Yes
4437,Rahul Patel,Male,8,C,78,78,52,93,95,77.48,Yes
4438,Kiran Sharma,Male,7,C,89,71,37,64,36,84.9,No
4439,Vikram Gupta,Male,10,C,36,96,90,98,85,82.78,Yes
4440,Vikram Reddy,Male,11,C,93,69,84,50,57,69.38,Yes
4441,Neha Sharma,Male,7,C,46,81,78,49,98,93.92,No
4442,Vikram Das,Male,9,B,77,61,60,56,95,61.37,No
4443,Kiran Das,Female,12,C,69,62,43,46,84,66.46,Yes
4444,Arjun Das,Female,12,A,74,67,94,61,86,89.36,No
4445,Sneha Reddy,Male,8,C,91,98,43,40,61,87.21,Yes
4446,Ananya Kumar,Female,6,C,84,92,59,77,73,68.15,Yes
4447,Sneha Reddy,Female,10,C,77,56,47,56,79,88.29,No
4448,Arjun Das,Male,11,A,100,48,40,69,41,86.13,Yes
4449,Priya Reddy,Female,11,A,72,35,80,42,79,60.57,Yes
4450,Sneha Singh,Female,11,C,55,86,63,88,67,62.89,Yes
4451,Rahul Das,Female,9,B,75,69,63,57,71,73.62,No
4452,Arjun Singh,Male,8,A,45,93,71,70,52,74.7,Yes
4453,Neha Das,Female,12,B,92,90,99,57,37,82.74,Yes
4454,Rahul Nair,Female,12,D,84,50,68,55,40,84.22,No
4455,Arjun Nair,Male,10,D,36,90,66,80,47,93.24,No
4456,Neha Reddy,Male,9,C,62,65,50,91,42,65.41,No
4457,Sneha Patel,Female,10,D,35,84,41,74,65,78.71,No
4458,Priya Verma,Female,7,C,60,94,46,98,52,61.42,Yes
4459,Priya Patel,Male,7,A,35,60,58,78,83,83.02,No
4460,Aditya Iyer,Female,6,B,65,43,47,80,46,83.79,Yes
4461,Neha Singh,Female,7,B,87,90,60,46,82,72.11,Yes
4462,Arjun Gupta,Male,7,C,50,66,44,80,83,85.62,Yes
4463,Kiran Das,Female,6,B,86,74,88,60,77,63.34,No
4464,Priya Nair,Male,10,B,62,52,76,62,74,80.46,No
4465,Rahul Gupta,Female,12,B,67,87,80,91,93,72.61,Yes
4466,Sneha Kumar,Male,6,D,35,84,72,35,90,71.54,Yes
4467,Sneha Reddy,Female,8,A,54,74,68,93,99,68.17,No
4468,Priya Sharma,Male,9,B,53,98,37,59,69,82.84,No
4469,Meera Sharma,Female,7,D,85,60,87,73,56,78.58,Yes
4470,Meera Nair,Female,8,C,71,60,84,97,88,80.39,No
4471,Neha Das,Female,11,C,84,96,58,84,100,76.33,Yes
4472,Arjun Reddy,Male,7,B,51,97,52,47,92,60.05,No
4473,Ananya Reddy,Female,6,C,71,47,80,50,74,89.39,No
4474,Kiran Reddy,Female,11,A,61,71,76,54,85,61.17,No
4475,Vikram Nair,Male,10,D,75,86,44,74,45,90.13,No
4476,Kiran Reddy,Female,10,B,59,55,78,92,40,96.44,No
4477,Arjun Das,Male,7,A,63,71,96,44,45,67.36,Yes
4478,Ananya Patel,Male,12,B,64,81,77,47,52,83.7,Yes
4479,Arjun Iyer,Male,7,B,40,61,66,82,54,68.9,No
4480,Meera Reddy,Male,7,D,95,66,93,55,91,82.05,No
4481,Kiran Iyer,Male,7,D,35,72,58,51,84,92.39,No
4482,Priya Reddy,Female,8,C,100,83,78,93,69,67.92,No
4483,Rahul Sharma,Female,10,A,74,73,50,99,91,65.65,Yes
4484,Neha Verma,Male,6,B,36,35,69,65,62,83.4,No
4485,Meera Gupta,Male,12,A,91,87,66,59,37,85.03,Yes
4486,Ananya Singh,Female,6,C,71,65,56,91,47,93.03,Yes
4487,Neha Verma,Male,7,C,68,49,87,46,83,83.68,No
4488,Rahul Singh,Male,10,C,49,89,64,51,65,80.24,Yes
4489,Ananya Sharma,Female,9,C,44,39,66,95,87,97.09,Yes
4490,Kiran Kumar,Female,6,C,51,81,61,79,45,92.1,Yes
4491,Priya Iyer,Male,12,A,87,71,70,90,87,92.9,No
4492,Ananya Reddy,Male,7,A,47,42,57,47,78,80.86,No
4493,Meera Reddy,Female,10,A,50,41,47,71,84,61.83,Yes
4494,Priya Patel,Female,11,D,100,55,100,36,47,91.38,Yes
4495,Vikram Reddy,Male,11,B,78,89,64,45,86,79.81,No
4496,Kiran Sharma,Male,9,A,85,58,94,70,94,80.5,No
4497,Meera Verma,Male,12,B,64,74,98,91,40,73.92,Yes
4498,Arjun Singh,Female,7,A,38,58,56,47,62,64.55,Yes
4499,Aditya Verma,Male,8,A,73,64,37,70,72,72.37,No
4500,Vikram Gupta,Female,7,C,87,63,73,37,37,97.19,No
4501,Kiran Verma,Male,7,C,81,35,42,68,48,84.74,Yes
4502,Meera Patel,Male,7,A,91,84,84,44,96,60.17,Yes
4503,Kiran Das,Female,12,D,74,52,38,97,51,81.24,Yes
4504,Vikram Reddy,Female,10,D,52,63,70,67,67,62.23,No
4505,Ananya Nair,Female,9,D,56,45,63,87,60,86.01,No
4506,Rahul Sharma,Male,9,A,69,72,49,96,55,94.57,Yes
4507,Neha Sharma,Male,9,A,84,89,83,66,91,65.37,No
4508,Vikram Gupta,Male,12,C,100,67,41,74,96,61.58,No
4509,Ananya Reddy,Male,12,D,75,84,79,84,70,64.03,No
4510,Priya Das,Female,9,D,47,77,93,49,45,92.89,Yes
4511,Arjun Iyer,Male,6,A,78,59,82,89,97,85.25,Yes
4512,Kiran Nair,Female,11,C,52,79,93,88,45,73.98,Yes
4513,Sneha Kumar,Female,10,A,88,43,99,90,59,90.07,No
4514,Sneha Singh,Male,7,D,82,62,51,50,35,62.58,Yes
4515,Sneha Gupta,Male,6,A,70,35,41,66,97,97.29,No
4516,Priya Verma,Female,12,A,48,73,40,78,90,73.31,Yes
4517,Rahul Kumar,Female,10,D,39,40,76,42,53,87.29,No
4518,Neha Gupta,Male,8,D,59,85,43,49,59,90.73,No
4519,Aditya Verma,Male,9,B,87,88,45,87,59,75.55,No
4520,Ananya Reddy,Female,11,D,75,58,87,73,58,87.56,Yes
4521,Priya Singh,Female,10,A,68,47,52,68,76,93.3,No
4522,Ananya Sharma,Female,6,D,78,78,40,76,90,66.52,No
4523,Vikram Reddy,Female,9,C,38,47,63,49,60,81.02,Yes
4524,Ananya Singh,Male,8,B,37,47,65,70,74,68.47,Yes
4525,Vikram Reddy,Female,6,C,84,57,74,95,90,87.49,Yes
4526,Priya Iyer,Male,7,D,55,96,64,64,41,80.06,Yes
4527,Sneha Singh,Female,12,C,74,85,99,71,66,98.57,Yes
4528,Meera Sharma,Female,8,D,88,48,97,93,59,62.29,No
4529,Neha Sharma,Male,11,C,85,92,88,43,94,60.77,No
4530,Meera Reddy,Male,7,C,86,55,75,96,85,65.32,Yes
4531,Neha Sharma,Male,10,A,79,93,78,82,37,60.96,Yes
4532,Aditya Singh,Female,6,C,89,83,65,40,82,89.08,Yes
4533,Ananya Kumar,Female,7,B,37,55,49,92,75,81.63,Yes
4534,Vikram Patel,Male,8,B,93,38,50,64,96,88.35,Yes
4535,Ananya Nair,Male,11,B,54,70,59,53,64,85.92,No
4536,Priya Das,Female,9,C,83,84,76,61,58,71.09,No
4537,Vikram Singh,Male,9,A,97,91,80,95,71,77.49,No
4538,Vikram Kumar,Female,10,C,85,73,81,46,57,71.08,No
4539,Neha Patel,Female,9,B,81,46,86,79,53,67.34,No
4540,Sneha Kumar,Male,6,D,96,85,65,68,43,70.95,No
4541,Ananya Iyer,Female,9,D,60,92,44,37,59,62.69,No
4542,Rahul Iyer,Female,12,D,42,87,99,83,91,86.7,No
4543,Rahul Sharma,Female,11,A,76,95,72,86,57,65.77,Yes
4544,Kiran Patel,Female,12,D,77,46,86,75,49,73.85,Yes
4545,Rahul Reddy,Female,6,B,51,99,96,41,90,86.44,No
4546,Priya Reddy,Female,9,D,41,48,98,36,79,82.67,No
4547,Ananya Sharma,Male,12,C,82,56,58,84,74,63.11,Yes
4548,Aditya Das,Female,8,B,81,97,92,60,75,64.59,Yes
4549,Rahul Sharma,Male,7,D,50,45,62,45,99,62.01,Yes
4550,Meera Singh,Male,6,C,91,75,77,81,92,87.38,Yes
4551,Aditya Patel,Male,10,B,64,43,59,51,43,81.99,Yes
4552,Kiran Das,Female,10,B,80,100,36,69,84,84.02,No
4553,Sneha Nair,Female,8,C,77,89,53,95,48,96.03,Yes
4554,Ananya Sharma,Male,8,C,85,70,79,38,42,75.18,Yes
4555,Neha Singh,Female,10,B,41,88,53,89,72,76.22,No
4556,Vikram Verma,Female,7,C,69,73,84,66,45,65.69,No
4557,Rahul Sharma,Male,9,C,66,40,46,45,53,65.54,Yes
4558,Meera Kumar,Male,7,C,45,61,84,100,70,61.28,No
4559,Meera Das,Female,7,B,97,36,35,92,98,79.04,Yes
4560,Neha Sharma,Male,7,B,55,90,38,95,65,71.48,No
4561,Vikram Singh,Male,7,D,94,67,74,89,69,99.86,Yes
4562,Meera Sharma,Male,7,B,64,80,67,66,92,88.61,No
4563,Sneha Sharma,Female,10,C,57,44,89,70,78,84.1,No
4564,Vikram Nair,Male,8,B,46,52,45,54,80,98.11,No
4565,Vikram Verma,Male,11,B,61,37,96,50,69,64.44,No
4566,Ananya Sharma,Female,9,A,93,98,58,73,67,95.91,No
4567,Aditya Iyer,Female,11,D,43,48,64,49,82,92.33,No
4568,Vikram Iyer,Male,6,A,51,73,55,84,72,72.69,No
4569,Sneha Gupta,Female,9,C,82,100,62,47,36,92.01,Yes
4570,Sneha Kumar,Female,10,D,52,83,59,58,95,74.0,Yes
4571,Ananya Reddy,Male,9,C,58,49,35,57,65,81.99,No
4572,Rahul Verma,Male,9,B,90,88,74,98,40,75.15,No
4573,Neha Gupta,Male,11,A,86,69,63,65,79,76.56,Yes
4574,Neha Kumar,Male,7,A,44,50,100,95,35,87.46,Yes
4575,Arjun Verma,Male,7,B,42,80,65,51,56,61.7,Yes
4576,Neha Kumar,Female,12,A,38,72,89,84,44,93.97,Yes
4577,Arjun Reddy,Female,9,B,68,94,80,47,50,96.18,Yes
4578,Neha Sharma,Female,9,C,42,86,100,99,81,78.48,No
4579,Arjun Nair,Female,7,A,89,37,65,79,41,66.15,No
4580,Priya Sharma,Female,12,B,51,94,42,79,54,93.77,No
4581,Meera Das,Female,12,C,90,73,83,88,83,78.67,No
4582,Kiran Gupta,Male,8,B,99,74,36,37,35,97.38,Yes
4583,Meera Patel,Female,8,B,92,100,69,97,47,60.69,No
4584,Sneha Verma,Male,7,B,53,76,63,63,96,77.1,Yes
4585,Rahul Patel,Male,8,C,40,49,78,70,50,78.83,No
4586,Priya Iyer,Female,12,D,45,40,41,39,37,95.49,Yes
4587,Meera Verma,Female,7,C,98,65,62,61,73,80.33,Yes
4588,Aditya Sharma,Male,9,D,63,46,75,79,79,87.04,Yes
4589,Arjun Verma,Female,8,D,78,93,77,47,62,64.39,Yes
4590,Vikram Nair,Male,9,A,70,70,67,84,75,60.66,Yes
4591,Vikram Reddy,Male,10,C,73,48,74,57,63,66.43,No
4592,Aditya Kumar,Female,6,A,95,92,66,64,97,86.44,Yes
4593,Arjun Das,Female,7,D,40,79,72,97,45,67.35,Yes
4594,Meera Sharma,Male,9,B,96,94,75,88,35,77.37,Yes
4595,Aditya Reddy,Female,10,D,36,81,84,86,47,63.4,Yes
4596,Vikram Gupta,Male,12,A,37,96,75,99,90,72.17,No
4597,Vikram Patel,Male,10,D,76,63,60,83,60,64.52,No
4598,Neha Nair,Female,10,A,86,50,95,75,85,81.82,Yes
4599,Aditya Kumar,Female,12,D,70,56,57,38,88,92.37,Yes
4600,Priya Kumar,Male,6,A,60,79,42,93,82,76.23,Yes
4601,Aditya Singh,Male,11,A,99,79,64,72,65,96.85,Yes
4602,Ananya Nair,Female,12,D,99,61,71,41,98,83.32,Yes
4603,Rahul Verma,Male,10,A,84,95,46,97,92,86.62,Yes
4604,Arjun Patel,Female,6,B,41,97,63,90,43,79.92,No
4605,Ananya Singh,Male,9,A,99,69,35,37,42,61.13,Yes
4606,Meera Patel,Male,6,B,50,70,37,67,36,63.19,Yes
4607,Neha Nair,Male,8,A,54,94,97,53,69,71.54,No
4608,Kiran Singh,Female,9,A,74,89,47,82,60,68.25,No
4609,Priya Gupta,Female,8,D,40,48,72,100,94,89.69,Yes
4610,Neha Nair,Male,12,B,63,51,83,79,89,64.85,No
4611,Vikram Gupta,Female,10,A,52,83,86,87,50,75.4,Yes
4612,Ananya Iyer,Male,11,D,83,80,93,72,89,74.85,No
4613,Ananya Kumar,Female,9,D,96,62,99,37,40,96.1,No
4614,Arjun Das,Male,7,B,95,65,63,65,70,78.71,No
4615,Meera Nair,Female,9,D,78,92,41,92,66,85.79,No
4616,Aditya Das,Male,11,C,54,45,93,61,52,62.67,Yes
4617,Arjun Kumar,Female,11,B,100,36,56,55,79,73.35,No
4618,Kiran Gupta,Male,6,B,98,39,91,43,36,76.7,Yes
4619,Meera Kumar,Female,7,C,72,45,97,74,93,60.12,No
4620,Vikram Das,Female,6,A,91,55,72,75,83,69.58,Yes
4621,Kiran Kumar,Male,10,C,48,88,53,85,93,67.14,Yes
4622,Vikram Gupta,Female,7,D,42,45,66,53,47,74.89,No
4623,Kiran Iyer,Male,6,A,100,94,50,94,49,60.29,No
4624,Neha Gupta,Male,11,A,95,45,37,54,57,63.15,Yes
4625,Vikram Gupta,Female,6,C,39,59,74,84,48,94.72,Yes
4626,Ananya Patel,Female,6,D,67,46,70,87,79,74.57,No
4627,Meera Nair,Male,12,B,78,81,44,88,73,89.84,Yes
4628,Priya Das,Female,7,A,60,83,60,64,100,76.48,No
4629,Vikram Das,Female,6,A,92,72,68,61,76,67.17,No
4630,Arjun Reddy,Male,9,C,64,85,68,94,37,92.28,No
4631,Neha Das,Female,9,A,61,68,43,74,78,65.99,No
4632,Vikram Das,Female,12,A,75,62,79,38,37,86.75,Yes
4633,Priya Reddy,Female,6,D,61,54,67,86,81,63.93,Yes
4634,Rahul Iyer,Male,6,A,73,48,57,89,70,99.17,Yes
4635,Vikram Singh,Female,11,A,47,55,37,81,41,97.19,Yes
4636,Kiran Patel,Male,10,B,66,85,51,75,63,65.36,No
4637,Priya Iyer,Male,6,B,72,48,52,100,62,60.1,Yes
4638,Kiran Nair,Male,12,A,100,62,56,69,81,64.64,No
4639,Neha Reddy,Female,9,D,50,90,36,97,45,63.8,Yes
4640,Neha Nair,Male,7,C,50,66,61,81,61,63.29,No
4641,Sneha Kumar,Female,7,D,52,74,80,37,69,88.75,Yes
4642,Neha Singh,Male,8,D,98,46,89,56,57,63.1,Yes
4643,Aditya Singh,Female,10,B,47,86,59,83,51,83.92,Yes
4644,Sneha Verma,Female,12,C,91,64,53,55,62,96.25,Yes
4645,Aditya Nair,Female,7,D,62,85,100,45,55,73.62,Yes
4646,Aditya Kumar,Male,10,D,70,96,79,35,70,70.33,No
4647,Meera Iyer,Female,8,B,69,69,44,35,79,78.33,No
4648,Arjun Das,Female,7,C,62,57,66,51,69,71.96,No
4649,Vikram Patel,Female,11,C,50,82,75,35,92,79.31,No
4650,Ananya Nair,Male,11,C,92,38,89,89,57,73.85,Yes
4651,Meera Das,Male,7,A,73,59,92,91,50,70.36,No
4652,Vikram Iyer,Male,8,C,51,89,49,79,57,97.03,Yes
4653,Arjun Kumar,Female,10,B,41,41,100,57,37,88.98,Yes
4654,Neha Verma,Male,7,A,51,80,57,49,35,85.87,No
4655,Rahul Patel,Female,11,C,97,45,62,41,55,79.6,Yes
4656,Neha Gupta,Male,7,C,46,37,36,56,56,79.17,Yes
4657,Priya Iyer,Male,8,C,62,56,90,39,64,67.13,Yes
4658,Aditya Sharma,Male,12,D,95,39,36,64,96,90.89,Yes
4659,Ananya Reddy,Female,6,D,76,53,72,83,36,80.25,No
4660,Neha Nair,Male,10,C,49,80,45,58,52,85.84,No
4661,Kiran Sharma,Male,10,D,72,70,49,48,91,64.4,Yes
4662,Sneha Das,Female,12,D,66,95,51,79,37,90.19,Yes
4663,Priya Gupta,Female,10,C,61,69,64,52,91,81.64,No
4664,Ananya Reddy,Female,8,B,78,76,97,45,73,77.57,No
4665,Arjun Sharma,Female,6,A,41,64,81,59,63,76.06,Yes
4666,Priya Gupta,Male,6,D,57,60,69,36,78,90.13,Yes
4667,Priya Kumar,Female,9,B,49,69,63,94,42,75.02,Yes
4668,Priya Singh,Male,12,A,49,99,78,67,49,84.96,No
4669,Priya Gupta,Female,6,D,61,64,85,84,89,72.22,Yes
4670,Aditya Patel,Male,7,D,68,37,35,46,42,95.62,Yes
4671,Arjun Das,Male,10,B,58,70,69,65,55,75.38,No
4672,Neha Kumar,Male,11,A,97,99,77,76,43,99.63,Yes
4673,Priya Singh,Male,9,A,62,69,81,67,61,61.14,No
4674,Neha Singh,Male,10,A,43,39,35,88,76,76.03,Yes
4675,Neha Verma,Male,7,B,45,85,95,56,84,91.97,No
4676,Arjun Patel,Male,9,C,35,78,38,90,70,60.82,Yes
4677,Arjun Das,Female,6,A,48,91,83,82,47,60.71,No
4678,Neha Nair,Male,10,D,77,62,98,72,69,74.15,No
4679,Vikram Patel,Male,6,C,90,84,77,67,66,70.23,No
4680,Vikram Reddy,Male,12,D,100,50,35,95,83,99.73,Yes
4681,Rahul Sharma,Male,10,D,40,62,37,97,50,78.57,No
4682,Rahul Patel,Male,8,C,49,45,49,56,91,78.53,Yes
4683,Priya Reddy,Male,9,C,74,51,68,84,94,77.39,Yes
4684,Arjun Singh,Male,12,C,91,87,75,98,46,67.35,No
4685,Aditya Kumar,Female,12,D,80,46,85,43,67,82.95,Yes
4686,Meera Singh,Male,11,A,77,73,73,74,89,66.8,No
4687,Rahul Reddy,Female,8,B,93,62,41,93,86,75.61,No
4688,Ananya Kumar,Male,12,C,73,58,36,65,48,93.51,No
4689,Ananya Gupta,Female,6,D,79,43,48,51,70,74.75,Yes
4690,Ananya Iyer,Male,9,B,76,40,88,100,41,94.98,Yes
4691,Rahul Iyer,Male,12,D,88,56,61,64,80,67.21,No
4692,Arjun Reddy,Female,11,D,57,88,78,77,99,62.69,Yes
4693,Rahul Das,Male,7,C,68,52,92,35,45,86.86,Yes
4694,Sneha Patel,Male,11,A,41,56,76,63,40,71.02,No
4695,Ananya Singh,Male,12,D,47,82,63,64,49,90.41,No
4696,Kiran Singh,Male,8,D,57,93,78,59,48,91.07,No
4697,Vikram Patel,Male,9,C,54,49,79,54,88,70.14,No
4698,Meera Das,Female,7,B,41,61,51,55,47,77.36,Yes
4699,Ananya Sharma,Male,10,B,45,77,78,97,68,98.76,Yes
4700,Rahul Kumar,Male,7,A,59,59,72,36,44,78.77,Yes
4701,Neha Singh,Female,11,C,81,95,90,84,83,66.02,Yes
4702,Kiran Iyer,Male,6,D,50,52,40,64,74,99.01,No
4703,Aditya Reddy,Female,8,D,79,57,61,35,41,97.4,Yes
4704,Aditya Nair,Male,7,D,46,86,84,74,64,99.52,Yes
4705,Priya Reddy,Female,11,B,43,43,43,75,52,98.34,Yes
4706,Ananya Sharma,Male,11,A,88,95,89,67,51,61.9,Yes
4707,Meera Iyer,Male,6,A,44,40,49,38,68,75.69,Yes
4708,Priya Nair,Male,8,C,84,88,86,79,46,60.83,No
4709,Sneha Iyer,Male,7,D,64,58,36,56,78,91.57,Yes
4710,Aditya Singh,Male,9,D,90,80,94,95,86,72.58,Yes
4711,Neha Kumar,Male,10,A,67,89,65,44,56,94.94,No
4712,Priya Patel,Female,9,C,43,44,86,39,100,70.61,No
4713,Vikram Reddy,Male,7,B,62,69,69,72,70,78.16,No
4714,Vikram Singh,Female,12,D,74,73,77,45,68,67.08,No
4715,Ananya Nair,Male,8,B,83,42,96,43,63,68.12,Yes
4716,Aditya Patel,Male,9,D,71,85,49,51,62,89.33,No
4717,Priya Singh,Female,11,B,77,49,61,91,57,93.55,Yes
4718,Kiran Iyer,Female,11,B,42,93,38,65,62,70.21,No
4719,Rahul Sharma,Female,8,B,49,46,59,55,45,80.4,Yes
4720,Priya Sharma,Female,7,C,76,78,36,81,39,75.65,Yes
4721,Priya Reddy,Male,8,D,52,93,99,77,85,90.78,No
4722,Rahul Reddy,Female,11,D,55,94,57,74,64,92.72,Yes
4723,Aditya Singh,Female,9,C,45,69,92,78,61,86.01,Yes
4724,Aditya Singh,Female,11,B,66,68,76,76,71,73.35,Yes
4725,Meera Nair,Male,7,A,99,73,47,61,45,65.13,Yes
4726,Priya Gupta,Male,6,B,38,54,58,54,40,66.6,No
4727,Meera Iyer,Female,9,D,40,86,60,55,56,75.13,No
4728,Ananya Singh,Male,11,A,35,96,97,63,76,87.63,No
4729,Neha Das,Male,8,C,37,49,53,46,62,74.57,Yes
4730,Arjun Reddy,Male,8,B,67,60,90,68,84,77.18,Yes
4731,Ananya Sharma,Female,9,C,90,73,72,37,61,85.19,No
4732,Vikram Nair,Male,6,A,68,77,98,58,37,95.59,No
4733,Priya Kumar,Male,7,A,85,76,80,75,35,66.17,No
4734,Priya Sharma,Female,10,B,85,41,94,55,54,99.41,No
4735,Neha Gupta,Male,10,B,87,84,99,36,47,61.25,No
4736,Rahul Verma,Female,8,C,60,39,75,57,62,89.87,No
4737,Meera Singh,Male,9,B,91,37,93,55,98,96.49,Yes
4738,Arjun Sharma,Female,6,B,72,35,91,64,91,78.95,Yes
4739,Arjun Singh,Female,10,A,79,38,80,68,56,95.28,No
4740,Vikram Iyer,Female,11,A,74,48,74,98,48,70.41,No
4741,Ananya Gupta,Female,12,A,76,86,55,52,49,97.4,Yes
4742,Ananya Gupta,Male,11,A,85,71,36,74,96,93.87,Yes
4743,Sneha Sharma,Female,9,A,74,48,75,58,99,72.08,No
4744,Kiran Iyer,Female,8,A,90,78,65,91,70,96.71,No
4745,Ananya Verma,Female,12,D,61,91,47,83,72,69.46,Yes
4746,Meera Reddy,Female,12,C,82,52,74,44,98,64.71,No
4747,Aditya Iyer,Male,8,D,66,69,61,57,76,63.51,Yes
4748,Meera Sharma,Male,11,B,50,69,43,69,44,62.13,Yes
4749,Rahul Sharma,Male,11,D,74,94,68,46,75,87.46,No
4750,Meera Gupta,Female,7,B,99,42,58,43,57,70.3,Yes
4751,Aditya Iyer,Male,10,A,98,40,58,94,81,77.94,Yes
4752,Kiran Singh,Male,8,C,57,74,94,42,57,75.45,Yes
4753,Priya Singh,Female,9,D,51,35,96,57,93,65.96,Yes
4754,Meera Verma,Female,6,D,65,61,73,70,79,69.22,No
4755,Priya Sharma,Male,10,A,60,100,76,84,99,61.84,Yes
4756,Vikram Singh,Female,6,B,92,60,88,51,83,82.09,No
4757,Neha Singh,Male,11,C,93,42,68,71,93,73.05,No
4758,Sneha Iyer,Male,9,A,90,37,51,66,53,60.46,Yes
4759,Arjun Nair,Female,10,A,88,96,52,69,89,72.56,No
4760,Sneha Sharma,Male,7,B,56,50,51,100,48,75.95,Yes
4761,Sneha Kumar,Male,12,B,54,64,56,98,53,69.02,No
4762,Rahul Singh,Male,12,D,42,62,45,67,69,81.68,Yes
4763,Rahul Patel,Male,7,B,99,73,89,85,50,84.07,No
4764,Meera Sharma,Male,12,D,60,53,49,65,64,77.84,No
4765,Rahul Reddy,Female,8,C,73,67,92,51,54,79.12,Yes
4766,Aditya Verma,Female,12,C,67,56,57,78,92,68.03,Yes
4767,Ananya Singh,Female,11,A,62,91,69,63,53,89.37,Yes
4768,Kiran Sharma,Male,6,D,97,66,90,83,96,90.42,No
4769,Neha Verma,Female,9,A,75,94,64,63,64,73.3,Yes
4770,Vikram Patel,Female,12,A,58,66,72,42,76,77.47,No
4771,Ananya Das,Male,10,B,94,50,54,40,94,84.22,No
4772,Rahul Singh,Male,10,C,55,55,68,52,93,73.11,Yes
4773,Ananya Patel,Female,7,A,45,95,37,43,49,77.85,No
4774,Priya Das,Female,9,C,96,66,82,49,40,95.6,No
4775,Aditya Singh,Female,11,A,97,50,86,97,97,80.77,Yes
4776,Sneha Sharma,Male,8,B,63,35,36,62,63,72.11,No
4777,Meera Kumar,Female,12,A,60,59,42,64,100,97.73,Yes
4778,Sneha Kumar,Female,7,A,66,91,63,48,54,97.27,No
4779,Arjun Singh,Male,12,D,81,94,64,52,57,85.69,Yes
4780,Ananya Verma,Male,10,B,65,85,61,47,39,76.78,Yes
4781,Aditya Das,Female,10,D,60,40,63,43,84,83.15,No
4782,Vikram Das,Female,6,D,83,87,67,69,70,83.46,Yes
4783,Vikram Kumar,Male,6,A,78,68,56,91,57,72.92,No
4784,Sneha Sharma,Male,10,A,98,52,78,99,73,67.02,Yes
4785,Arjun Nair,Male,11,D,58,97,82,55,49,87.49,Yes
4786,Ananya Nair,Male,6,A,69,63,71,43,84,75.35,Yes
4787,Vikram Nair,Female,9,D,81,91,51,94,91,78.65,No
4788,Kiran Sharma,Female,7,C,85,77,91,71,42,84.55,Yes
4789,Aditya Verma,Female,12,D,47,89,72,86,55,84.57,Yes
4790,Ananya Iyer,Male,9,A,76,65,35,43,45,91.28,Yes
4791,Arjun Iyer,Female,10,B,49,55,87,61,96,85.57,Yes
4792,Neha Verma,Female,11,A,61,58,58,75,42,89.33,Yes
4793,Neha Patel,Male,10,B,55,95,68,72,82,70.6,No
4794,Aditya Singh,Female,7,D,98,57,72,71,91,92.66,No
4795,Meera Iyer,Female,6,D,85,84,92,68,51,94.69,No
4796,Meera Patel,Female,9,B,59,92,83,45,51,72.69,Yes
4797,Arjun Verma,Female,10,D,38,43,57,99,44,67.05,Yes
4798,Rahul Das,Male,8,A,81,90,96,44,39,66.92,No
4799,Rahul Nair,Female,12,A,60,59,75,88,51,91.88,No
4800,Aditya Patel,Female,11,B,58,99,67,38,47,94.68,No
4801,Rahul Sharma,Male,8,B,58,40,43,55,99,90.48,Yes
4802,Rahul Singh,Female,10,D,88,90,94,100,61,61.04,Yes
4803,Ananya Nair,Female,6,B,95,79,45,62,97,76.63,No
4804,Vikram Reddy,Female,11,A,83,98,47,72,76,62.73,Yes
4805,Arjun Verma,Female,10,D,79,66,100,78,46,96.26,No
4806,Arjun Kumar,Female,10,C,79,62,67,41,47,61.88,No
4807,Priya Nair,Female,11,D,56,52,78,95,76,61.89,Yes
4808,Priya Gupta,Male,11,A,55,58,95,56,82,70.76,No
4809,Neha Kumar,Female,11,A,66,36,92,75,51,73.21,No
4810,Ananya Iyer,Male,7,D,91,97,59,36,91,72.77,Yes
4811,Kiran Patel,Male,9,D,58,86,96,73,36,84.36,Yes
4812,Ananya Patel,Female,11,B,56,49,98,84,70,81.31,Yes
4813,Kiran Reddy,Female,11,C,73,67,38,58,45,96.51,No
4814,Kiran Kumar,Male,11,C,70,73,44,69,57,92.31,Yes
4815,Priya Das,Male,11,B,52,64,80,43,45,86.53,No
4816,Vikram Das,Male,9,B,40,79,67,85,39,78.98,No
4817,Sneha Kumar,Male,9,C,59,45,91,55,89,97.17,Yes
4818,Arjun Verma,Female,8,D,60,44,67,92,85,64.16,Yes
4819,Kiran Kumar,Male,10,D,81,77,99,75,59,95.51,No
4820,Vikram Verma,Male,9,D,100,40,86,77,44,64.2,No
4821,Aditya Singh,Female,7,B,45,95,92,100,76,71.73,No
4822,Aditya Iyer,Female,6,D,40,78,78,99,59,72.48,No
4823,Kiran Singh,Male,7,D,81,74,45,44,76,77.03,Yes
4824,Ananya Iyer,Male,6,C,84,55,84,86,45,81.59,No
4825,Rahul Iyer,Male,6,A,76,67,85,65,48,76.89,No
4826,Kiran Sharma,Female,11,D,74,60,55,65,97,73.39,Yes
4827,Vikram Verma,Male,11,B,64,46,68,66,54,74.31,No
4828,Vikram Kumar,Male,10,B,36,85,89,90,76,68.31,No
4829,Neha Iyer,Male,6,A,37,54,45,35,40,60.78,Yes
4830,Kiran Das,Female,12,A,94,36,100,100,86,91.85,No
4831,Neha Gupta,Male,9,B,98,97,87,79,35,65.91,No
4832,Rahul Kumar,Male,12,A,54,52,49,81,60,74.74,No
4833,Priya Gupta,Male,9,A,94,85,85,49,83,66.69,Yes
4834,Neha Patel,Male,10,A,49,41,95,40,49,77.54,No
4835,Aditya Das,Male,10,B,72,83,68,49,97,89.73,Yes
4836,Ananya Verma,Male,6,B,61,63,49,75,63,70.91,No
4837,Kiran Nair,Male,12,D,71,44,38,63,92,73.94,No
4838,Meera Das,Female,10,D,84,58,59,93,59,98.13,Yes
4839,Ananya Verma,Female,6,B,72,87,62,81,81,96.86,Yes
4840,Meera Nair,Male,11,A,68,79,51,76,59,95.4,No
4841,Neha Kumar,Male,6,A,84,81,69,97,42,73.47,No
4842,Aditya Kumar,Male,8,C,53,44,35,52,39,85.6,Yes
4843,Vikram Verma,Female,6,D,44,66,89,37,71,97.7,Yes
4844,Rahul Reddy,Male,6,C,87,97,95,80,53,63.23,Yes
4845,Vikram Singh,Female,8,C,57,79,77,90,84,92.51,Yes
4846,Rahul Gupta,Male,11,C,69,71,47,93,46,60.71,No
4847,Ananya Patel,Male,10,B,87,39,94,36,83,70.05,No
4848,Rahul Patel,Female,12,B,77,45,94,81,52,62.18,No
4849,Ananya Sharma,Male,8,B,35,92,85,51,94,95.01,Yes
4850,Priya Kumar,Male,10,B,93,74,62,64,54,87.87,No
4851,Rahul Nair,Female,6,D,61,73,61,93,65,96.06,Yes
4852,Sneha Sharma,Male,8,D,67,89,96,81,38,69.96,Yes
4853,Neha Kumar,Female,6,C,56,42,62,98,48,93.79,Yes
4854,Arjun Singh,Female,7,B,39,81,40,41,65,92.8,Yes
4855,Neha Das,Male,6,D,86,99,72,85,82,73.09,No
4856,Rahul Nair,Female,7,D,91,84,80,94,77,74.65,No
4857,Aditya Singh,Male,10,B,98,98,78,37,46,84.12,Yes
4858,Priya Nair,Female,12,D,74,70,52,58,57,63.61,No
4859,Arjun Gupta,Female,7,B,100,48,70,92,44,87.56,Yes
4860,Arjun Patel,Female,9,D,92,63,50,57,67,62.03,Yes
4861,Vikram Das,Male,9,B,64,43,97,78,79,68.16,No
4862,Sneha Singh,Female,9,D,62,42,90,75,80,80.37,No
4863,Kiran Kumar,Female,12,D,43,79,97,63,38,85.61,No
4864,Vikram Kumar,Male,8,C,51,60,87,94,87,64.58,Yes
4865,Ananya Kumar,Male,8,D,45,47,79,80,81,92.13,Yes
4866,Ananya Singh,Male,10,D,83,48,46,82,38,62.57,Yes
4867,Vikram Iyer,Male,10,D,36,45,58,88,99,68.55,Yes
4868,Priya Das,Male,11,C,58,42,84,41,82,85.56,Yes
4869,Meera Das,Female,9,A,78,69,66,77,54,94.17,Yes
4870,Meera Gupta,Female,11,D,45,35,51,66,57,79.86,Yes
4871,Arjun Iyer,Male,7,C,92,81,52,50,58,69.6,Yes
4872,Sneha Singh,Male,8,D,67,61,45,91,52,91.01,Yes
4873,Arjun Singh,Female,7,A,44,84,93,37,43,82.65,No
4874,Vikram Patel,Female,6,C,73,72,81,59,48,81.89,Yes
4875,Meera Nair,Female,8,D,35,98,59,67,48,69.44,Yes
4876,Priya Singh,Male,9,D,67,96,49,84,51,85.2,No
4877,Sneha Das,Male,7,A,72,77,64,71,36,91.15,Yes
4878,Arjun Iyer,Female,11,C,70,77,73,41,57,65.29,No
4879,Ananya Das,Male,7,A,41,89,90,97,51,73.43,No
4880,Neha Patel,Female,8,C,79,50,39,86,91,79.55,Yes
4881,Meera Sharma,Male,6,D,61,70,72,60,97,64.11,No
4882,Rahul Kumar,Female,11,C,69,58,64,93,65,73.5,No
4883,Neha Iyer,Male,8,D,100,59,56,55,77,93.95,Yes
4884,Priya Sharma,Male,7,D,92,68,85,35,59,69.2,No
4885,Ananya Reddy,Male,9,A,78,98,97,77,52,66.51,Yes
4886,Rahul Sharma,Male,11,C,36,54,62,70,52,98.62,Yes
4887,Sneha Patel,Female,11,B,73,82,61,80,39,91.75,Yes
4888,Meera Kumar,Female,7,B,86,83,88,70,59,76.28,No
4889,Vikram Das,Female,10,A,96,76,49,63,74,71.75,No
4890,Priya Patel,Male,10,D,98,98,59,97,75,83.26,Yes
4891,Vikram Patel,Male,10,D,48,85,88,86,64,69.75,No
4892,Rahul Verma,Male,10,A,47,78,68,49,83,80.43,No
4893,Neha Iyer,Female,6,C,68,49,44,68,39,97.74,No
4894,Priya Singh,Female,9,C,47,58,89,96,70,99.04,Yes
4895,Ananya Kumar,Male,8,A,60,100,66,68,81,76.53,Yes
4896,Sneha Singh,Female,9,C,48,77,54,54,62,93.84,No
4897,Ananya Das,Male,8,D,92,87,81,90,45,66.71,Yes
4898,Sneha Singh,Female,6,C,83,97,84,61,100,83.48,No
4899,Rahul Gupta,Male,12,C,63,95,62,78,55,84.52,Yes
4900,Meera Reddy,Female,11,D,92,68,68,92,90,93.35,No
4901,Sneha Nair,Male,9,A,46,47,86,67,67,93.49,Yes
4902,Kiran Gupta,Female,11,A,99,94,42,49,78,69.13,No
4903,Aditya Sharma,Female,12,C,44,43,73,75,50,93.86,No
4904,Aditya Nair,Female,6,C,51,53,91,74,38,71.87,Yes
4905,Rahul Nair,Female,12,B,93,38,49,41,65,73.83,No
4906,Sneha Reddy,Male,6,A,74,57,67,86,39,93.37,Yes
4907,Rahul Verma,Female,8,D,57,86,64,47,77,62.1,Yes
4908,Arjun Verma,Female,9,D,41,69,51,80,92,83.95,Yes
4909,Priya Singh,Male,12,D,69,54,55,63,81,82.74,No
4910,Vikram Verma,Female,9,A,88,71,71,44,57,63.22,Yes
4911,Aditya Gupta,Female,6,C,61,98,40,85,53,78.55,Yes
4912,Priya Nair,Female,8,B,83,46,49,66,95,62.31,No
4913,Ananya Reddy,Female,7,C,98,82,73,99,98,98.56,Yes
4914,Neha Das,Female,9,A,69,83,70,100,66,99.36,No
4915,Kiran Sharma,Male,9,D,99,78,87,93,91,81.07,No
4916,Sneha Nair,Female,10,D,78,62,61,40,64,85.66,Yes
4917,Neha Gupta,Male,7,D,37,66,85,49,82,88.86,No
4918,Rahul Patel,Female,10,B,92,36,62,92,45,78.69,No
4919,Priya Verma,Male,9,C,86,49,53,40,67,93.47,No
4920,Aditya Kumar,Female,8,D,84,63,84,61,85,67.8,Yes
4921,Sneha Gupta,Male,12,B,57,61,42,71,58,63.87,Yes
4922,Ananya Gupta,Male,6,C,92,62,98,40,46,66.98,Yes
4923,Priya Iyer,Male,11,D,95,79,35,45,57,84.01,Yes
4924,Neha Nair,Male,6,B,61,91,36,71,76,95.34,No
4925,Arjun Verma,Female,6,D,72,45,45,63,54,81.54,Yes
4926,Kiran Gupta,Female,11,C,65,53,90,63,46,69.54,Yes
4927,Arjun Patel,Male,10,B,65,90,93,60,86,62.81,Yes
4928,Aditya Iyer,Female,6,C,81,88,46,75,48,80.2,Yes
4929,Arjun Das,Female,11,B,58,56,65,43,97,89.73,No
4930,Vikram Gupta,Male,11,B,40,43,39,44,35,79.23,Yes
4931,Rahul Nair,Female,8,D,65,39,46,74,69,64.94,Yes
4932,Aditya Singh,Female,7,C,66,97,72,52,69,83.93,No
4933,Meera Iyer,Female,10,C,95,98,40,54,62,83.35,Yes
4934,Meera Sharma,Male,8,D,43,46,36,72,65,89.56,No
4935,Neha Nair,Male,8,A,38,54,73,53,79,61.84,No
4936,Sneha Reddy,Male,9,B,89,72,71,43,94,91.73,No
4937,Kiran Verma,Female,6,D,89,91,58,88,51,88.96,Yes
4938,Aditya Nair,Female,8,A,42,46,74,43,41,88.9,Yes
4939,Priya Gupta,Male,7,A,84,79,47,49,96,76.54,Yes
4940,Priya Reddy,Female,7,A,40,74,88,38,81,70.97,Yes
4941,Priya Sharma,Female,11,C,46,95,36,68,51,92.29,No
4942,Ananya Patel,Male,10,D,91,77,51,84,63,66.44,No
4943,Aditya Reddy,Male,7,B,76,41,57,44,42,68.63,No
4944,Arjun Sharma,Male,7,B,75,52,60,77,38,77.47,No
4945,Aditya Reddy,Female,9,A,100,60,56,99,85,94.12,No
4946,Meera Das,Male,8,B,78,70,63,73,49,88.61,Yes
4947,Aditya Kumar,Female,9,C,88,72,64,60,64,62.26,Yes
4948,Sneha Sharma,Female,10,A,99,50,81,100,79,69.45,Yes
4949,Kiran Nair,Male,8,A,70,43,67,65,91,97.39,Yes
4950,Sneha Reddy,Male,12,B,83,80,78,86,78,94.7,Yes
4951,Rahul Nair,Male,11,A,82,59,73,98,54,78.0,No
4952,Meera Patel,Male,12,C,85,76,44,59,82,95.14,Yes
4953,Aditya Das,Male,11,B,40,49,68,40,93,83.58,Yes
4954,Aditya Sharma,Male,9,D,44,88,42,47,38,82.46,Yes
4955,Meera Iyer,Male,8,D,60,57,47,82,81,68.86,Yes
4956,Neha Iyer,Female,7,A,98,76,51,83,47,91.83,Yes
4957,Aditya Sharma,Male,6,B,75,60,98,77,45,81.32,No
4958,Arjun Sharma,Male,7,D,69,36,97,82,97,99.31,No
4959,Rahul Patel,Female,6,A,55,90,74,58,49,85.44,Yes
4960,Vikram Verma,Female,6,D,64,70,71,97,94,86.0,Yes
4961,Ananya Gupta,Female,10,B,54,35,79,82,45,93.43,No
4962,Ananya Sharma,Female,12,C,59,64,36,72,63,70.01,No
4963,Vikram Reddy,Female,10,B,84,95,72,72,63,69.56,No
4964,Sneha Reddy,Female,11,A,53,37,64,37,41,81.8,Yes
4965,Sneha Gupta,Male,6,A,73,36,97,79,82,98.97,No
4966,Vikram Das,Male,6,D,62,67,99,74,71,69.37,Yes
4967,Priya Patel,Female,8,D,78,80,37,100,53,95.82,Yes
4968,Vikram Verma,Male,9,A,64,93,45,76,100,81.42,Yes
4969,Ananya Patel,Male,9,A,74,83,63,79,78,71.77,No
4970,Kiran Verma,Female,7,D,57,41,61,56,60,81.01,Yes
4971,Rahul Iyer,Male,8,C,65,52,96,72,38,66.4,No
4972,Priya Verma,Female,10,B,68,81,41,56,65,88.85,Yes
4973,Meera Sharma,Male,10,C,70,38,76,46,67,69.43,Yes
4974,Ananya Patel,Female,11,C,40,68,70,98,46,81.37,Yes
4975,Sneha Nair,Female,12,A,87,54,44,71,87,63.8,Yes
4976,Priya Singh,Female,7,B,95,42,56,76,76,73.88,No
4977,Sneha Singh,Male,8,A,80,94,93,49,42,89.89,No
4978,Neha Nair,Male,12,B,89,88,81,52,81,88.11,No
4979,Meera Gupta,Male,10,B,92,70,75,92,70,74.93,No
4980,Neha Gupta,Male,8,A,97,89,59,64,95,93.27,Yes
4981,Kiran Singh,Male,8,B,98,49,58,47,72,75.77,Yes
4982,Ananya Sharma,Male,10,C,61,37,67,56,85,68.68,Yes
4983,Meera Sharma,Male,9,C,75,98,71,96,68,87.32,Yes
4984,Kiran Das,Female,7,C,53,47,86,37,66,71.92,Yes
4985,Vikram Gupta,Female,12,C,35,62,61,69,85,71.19,Yes
4986,Priya Patel,Female,12,D,55,48,76,72,54,88.2,No
4987,Rahul Das,Female,12,A,55,87,96,42,46,68.34,Yes
4988,Neha Reddy,Female,9,D,63,58,53,50,93,85.97,No
4989,Priya Gupta,Female,12,A,73,68,97,96,57,60.96,No
4990,Priya Patel,Male,9,D,93,47,90,52,93,75.95,No
4991,Sneha Gupta,Female,11,A,86,63,39,39,94,83.58,Yes
4992,Sneha Patel,Male,9,D,61,81,88,63,58,62.97,No
4993,Vikram Reddy,Female,7,D,96,91,63,77,49,97.15,No
4994,Neha Iyer,Male,8,C,87,78,35,39,72,77.93,No
4995,Ananya Gupta,Male,10,B,86,47,84,87,54,96.31,Yes
4996,Vikram Iyer,Male,10,D,84,64,89,97,92,93.11,Yes
4997,Neha Das,Female,7,C,51,95,65,86,36,60.74,No
4998,Priya Kumar,Male,8,A,70,49,60,100,64,91.23,Yes
4999,Meera Reddy,Female,8,B,51,35,95,36,98,79.33,No
5000,Meera Verma,Male,8,D,43,88,89,68,40,95.5,Yes
